accuracy,precision,recall,f1_score,dataset,model,split,decision_score_field,decision_threshold,path_probability,average_log_probability,test_examples,seen_examples,unseen_examples,experiment_context,context_dataset_name,context_dataset_config_valve_folders,context_dataset_config_target_column,context_dataset_config_drop_columns,context_dataset_config_group_column,context_dataset_config_split_train,context_dataset_config_split_validation,context_dataset_config_split_test,context_preprocessing_missing_data_enabled,context_preprocessing_missing_data_strategy,context_preprocessing_scaler,context_preprocessing_pca_enabled,context_preprocessing_pca_n_components,context_preprocessing_sequence_length,context_preprocessing_sequence_stride,context_noise_enabled,context_noise_gaussian_mean,context_noise_gaussian_std,context_project_device,context_project_random_seeds,context_training_batch_size,context_training_epochs,context_training_early_stopping_enabled,context_training_early_stopping_patience,context_training_optimizer,context_automata_anomaly_threshold,context_automata_paa_window_size,context_automata_sax_alphabet_size,context_automata_sliding_window_size,context_automata_sliding_window_stride,context_automata_unseen_pattern_enabled,context_automata_unseen_pattern_method,context_automata_probability_smoothing,context_automata_probability_epsilon,context_automata_decision_score_field,context_automata_decision_fallback_quantile,context_run_family,context_run_seed,context_run_split,seed
0.35625,0.355674709562109,1.0,0.5247198417930126,SKAB,AUTOMATA,fold_0,average_log_probability,-0.026130218006281566,1.2394522149698133e-183,-0.37637033288474253,1120,1120,0,"{""automata"": {""anomaly_threshold"": 0.1, ""decision"": {""fallback_quantile"": 0.05, ""score_field"": ""average_log_probability""}, ""paa"": {""window_size"": 4}, ""probability"": {""epsilon"": 0.0001, ""smoothing"": true}, ""sax"": {""alphabet_size"": 3}, ""sliding_window"": {""size"": 4, ""stride"": 1}, ""unseen_pattern"": {""enabled"": true, ""method"": ""levenshtein""}}, ""dataset"": {""config"": {""drop_columns"": [""datetime"", ""changepoint"", ""source_group"", ""source_file""], ""group_column"": ""source_file"", ""split"": {""test"": 0.2, ""train"": 0.6, ""validation"": 0.2}, ""target_column"": ""anomaly"", ""valve_folders"": [""valve1"", ""valve2""]}, ""name"": ""SKAB""}, ""noise"": {""enabled"": true, ""gaussian_mean"": 0.0, ""gaussian_std"": 0.05}, ""preprocessing"": {""missing_data"": {""enabled"": true, ""strategy"": ""mean""}, ""pca"": {""enabled"": true, ""n_components"": 1}, ""scaler"": ""standard"", ""sequence_length"": 16, ""sequence_stride"": 1}, ""project"": {""device"": ""cuda"", ""random_seeds"": [42]}, ""run"": {""family"": ""AUTOMATA"", ""seed"": 42, ""split"": ""fold_0""}, ""training"": {""batch_size"": 32, ""early_stopping"": {""enabled"": true, ""patience"": 5}, ""epochs"": 50, ""optimizer"": ""adam""}}",SKAB,"[""valve1"", ""valve2""]",anomaly,"[""datetime"", ""changepoint"", ""source_group"", ""source_file""]",source_file,0.6,0.2,0.2,True,mean,standard,True,1,16,1,True,0.0,0.05,cuda,[42],32,50,True,5,adam,0.1,4,3,4,1,True,levenshtein,True,0.0001,average_log_probability,0.05,AUTOMATA,42,fold_0,42
0.6441281138790036,0.0,0.0,0.0,SKAB,AUTOMATA,fold_1,average_log_probability,-0.2802356435631416,7.047531661663415e-131,-0.2668619499070471,1124,1124,0,"{""automata"": {""anomaly_threshold"": 0.1, ""decision"": {""fallback_quantile"": 0.05, ""score_field"": ""average_log_probability""}, ""paa"": {""window_size"": 4}, ""probability"": {""epsilon"": 0.0001, ""smoothing"": true}, ""sax"": {""alphabet_size"": 3}, ""sliding_window"": {""size"": 4, ""stride"": 1}, ""unseen_pattern"": {""enabled"": true, ""method"": ""levenshtein""}}, ""dataset"": {""config"": {""drop_columns"": [""datetime"", ""changepoint"", ""source_group"", ""source_file""], ""group_column"": ""source_file"", ""split"": {""test"": 0.2, ""train"": 0.6, ""validation"": 0.2}, ""target_column"": ""anomaly"", ""valve_folders"": [""valve1"", ""valve2""]}, ""name"": ""SKAB""}, ""noise"": {""enabled"": true, ""gaussian_mean"": 0.0, ""gaussian_std"": 0.05}, ""preprocessing"": {""missing_data"": {""enabled"": true, ""strategy"": ""mean""}, ""pca"": {""enabled"": true, ""n_components"": 1}, ""scaler"": ""standard"", ""sequence_length"": 16, ""sequence_stride"": 1}, ""project"": {""device"": ""cuda"", ""random_seeds"": [42]}, ""run"": {""family"": ""AUTOMATA"", ""seed"": 42, ""split"": ""fold_1""}, ""training"": {""batch_size"": 32, ""early_stopping"": {""enabled"": true, ""patience"": 5}, ""epochs"": 50, ""optimizer"": ""adam""}}",SKAB,"[""valve1"", ""valve2""]",anomaly,"[""datetime"", ""changepoint"", ""source_group"", ""source_file""]",source_file,0.6,0.2,0.2,True,mean,standard,True,1,16,1,True,0.0,0.05,cuda,[42],32,50,True,5,adam,0.1,4,3,4,1,True,levenshtein,True,0.0001,average_log_probability,0.05,AUTOMATA,42,fold_1,42
0.4750889679715303,0.40638297872340423,0.9227053140096618,0.5642540620384048,SKAB,AUTOMATA,fold_2,average_log_probability,-0.02198177765990592,1.060238736386779e-144,-0.295203703726956,1124,1124,0,"{""automata"": {""anomaly_threshold"": 0.1, ""decision"": {""fallback_quantile"": 0.05, ""score_field"": ""average_log_probability""}, ""paa"": {""window_size"": 4}, ""probability"": {""epsilon"": 0.0001, ""smoothing"": true}, ""sax"": {""alphabet_size"": 3}, ""sliding_window"": {""size"": 4, ""stride"": 1}, ""unseen_pattern"": {""enabled"": true, ""method"": ""levenshtein""}}, ""dataset"": {""config"": {""drop_columns"": [""datetime"", ""changepoint"", ""source_group"", ""source_file""], ""group_column"": ""source_file"", ""split"": {""test"": 0.2, ""train"": 0.6, ""validation"": 0.2}, ""target_column"": ""anomaly"", ""valve_folders"": [""valve1"", ""valve2""]}, ""name"": ""SKAB""}, ""noise"": {""enabled"": true, ""gaussian_mean"": 0.0, ""gaussian_std"": 0.05}, ""preprocessing"": {""missing_data"": {""enabled"": true, ""strategy"": ""mean""}, ""pca"": {""enabled"": true, ""n_components"": 1}, ""scaler"": ""standard"", ""sequence_length"": 16, ""sequence_stride"": 1}, ""project"": {""device"": ""cuda"", ""random_seeds"": [42]}, ""run"": {""family"": ""AUTOMATA"", ""seed"": 42, ""split"": ""fold_2""}, ""training"": {""batch_size"": 32, ""early_stopping"": {""enabled"": true, ""patience"": 5}, ""epochs"": 50, ""optimizer"": ""adam""}}",SKAB,"[""valve1"", ""valve2""]",anomaly,"[""datetime"", ""changepoint"", ""source_group"", ""source_file""]",source_file,0.6,0.2,0.2,True,mean,standard,True,1,16,1,True,0.0,0.05,cuda,[42],32,50,True,5,adam,0.1,4,3,4,1,True,levenshtein,True,0.0001,average_log_probability,0.05,AUTOMATA,42,fold_2,42
0.37681159420289856,0.37624660018132366,1.0,0.546772068511199,SKAB,AUTOMATA,fold_3,average_log_probability,-0.02977064696165504,1.497565877615981e-182,-0.3795708484888005,1104,1102,2,"{""automata"": {""anomaly_threshold"": 0.1, ""decision"": {""fallback_quantile"": 0.05, ""score_field"": ""average_log_probability""}, ""paa"": {""window_size"": 4}, ""probability"": {""epsilon"": 0.0001, ""smoothing"": true}, ""sax"": {""alphabet_size"": 3}, ""sliding_window"": {""size"": 4, ""stride"": 1}, ""unseen_pattern"": {""enabled"": true, ""method"": ""levenshtein""}}, ""dataset"": {""config"": {""drop_columns"": [""datetime"", ""changepoint"", ""source_group"", ""source_file""], ""group_column"": ""source_file"", ""split"": {""test"": 0.2, ""train"": 0.6, ""validation"": 0.2}, ""target_column"": ""anomaly"", ""valve_folders"": [""valve1"", ""valve2""]}, ""name"": ""SKAB""}, ""noise"": {""enabled"": true, ""gaussian_mean"": 0.0, ""gaussian_std"": 0.05}, ""preprocessing"": {""missing_data"": {""enabled"": true, ""strategy"": ""mean""}, ""pca"": {""enabled"": true, ""n_components"": 1}, ""scaler"": ""standard"", ""sequence_length"": 16, ""sequence_stride"": 1}, ""project"": {""device"": ""cuda"", ""random_seeds"": [42]}, ""run"": {""family"": ""AUTOMATA"", ""seed"": 42, ""split"": ""fold_3""}, ""training"": {""batch_size"": 32, ""early_stopping"": {""enabled"": true, ""patience"": 5}, ""epochs"": 50, ""optimizer"": ""adam""}}",SKAB,"[""valve1"", ""valve2""]",anomaly,"[""datetime"", ""changepoint"", ""source_group"", ""source_file""]",source_file,0.6,0.2,0.2,True,mean,standard,True,1,16,1,True,0.0,0.05,cuda,[42],32,50,True,5,adam,0.1,4,3,4,1,True,levenshtein,True,0.0001,average_log_probability,0.05,AUTOMATA,42,fold_3,42
0.3574580759046778,0.3568904593639576,1.0,0.5260416666666666,SKAB,AUTOMATA,fold_4,average_log_probability,-0.00359049133450818,0.0,-1.3253366996725193,1133,1032,101,"{""automata"": {""anomaly_threshold"": 0.1, ""decision"": {""fallback_quantile"": 0.05, ""score_field"": ""average_log_probability""}, ""paa"": {""window_size"": 4}, ""probability"": {""epsilon"": 0.0001, ""smoothing"": true}, ""sax"": {""alphabet_size"": 3}, ""sliding_window"": {""size"": 4, ""stride"": 1}, ""unseen_pattern"": {""enabled"": true, ""method"": ""levenshtein""}}, ""dataset"": {""config"": {""drop_columns"": [""datetime"", ""changepoint"", ""source_group"", ""source_file""], ""group_column"": ""source_file"", ""split"": {""test"": 0.2, ""train"": 0.6, ""validation"": 0.2}, ""target_column"": ""anomaly"", ""valve_folders"": [""valve1"", ""valve2""]}, ""name"": ""SKAB""}, ""noise"": {""enabled"": true, ""gaussian_mean"": 0.0, ""gaussian_std"": 0.05}, ""preprocessing"": {""missing_data"": {""enabled"": true, ""strategy"": ""mean""}, ""pca"": {""enabled"": true, ""n_components"": 1}, ""scaler"": ""standard"", ""sequence_length"": 16, ""sequence_stride"": 1}, ""project"": {""device"": ""cuda"", ""random_seeds"": [42]}, ""run"": {""family"": ""AUTOMATA"", ""seed"": 42, ""split"": ""fold_4""}, ""training"": {""batch_size"": 32, ""early_stopping"": {""enabled"": true, ""patience"": 5}, ""epochs"": 50, ""optimizer"": ""adam""}}",SKAB,"[""valve1"", ""valve2""]",anomaly,"[""datetime"", ""changepoint"", ""source_group"", ""source_file""]",source_file,0.6,0.2,0.2,True,mean,standard,True,1,16,1,True,0.0,0.05,cuda,[42],32,50,True,5,adam,0.1,4,3,4,1,True,levenshtein,True,0.0001,average_log_probability,0.05,AUTOMATA,42,fold_4,42
0.35650623885918004,0.3559322033898305,1.0,0.525,SKAB,AUTOMATA,fold_0,average_log_probability,-0.027506658088580098,1.0117966445286056e-148,-0.3039882838149706,1122,1119,3,"{""automata"": {""anomaly_threshold"": 0.1, ""decision"": {""fallback_quantile"": 0.05, ""score_field"": ""average_log_probability""}, ""paa"": {""window_size"": 4}, ""probability"": {""epsilon"": 0.0001, ""smoothing"": true}, ""sax"": {""alphabet_size"": 3}, ""sliding_window"": {""size"": 4, ""stride"": 1}, ""unseen_pattern"": {""enabled"": true, ""method"": ""levenshtein""}}, ""dataset"": {""config"": {""drop_columns"": [""datetime"", ""changepoint"", ""source_group"", ""source_file""], ""group_column"": ""source_file"", ""split"": {""test"": 0.2, ""train"": 0.6, ""validation"": 0.2}, ""target_column"": ""anomaly"", ""valve_folders"": [""valve1"", ""valve2""]}, ""name"": ""SKAB""}, ""noise"": {""enabled"": true, ""gaussian_mean"": 0.0, ""gaussian_std"": 0.05}, ""preprocessing"": {""missing_data"": {""enabled"": true, ""strategy"": ""mean""}, ""pca"": {""enabled"": true, ""n_components"": 1}, ""scaler"": ""standard"", ""sequence_length"": 16, ""sequence_stride"": 1}, ""project"": {""device"": ""cuda"", ""random_seeds"": [123]}, ""run"": {""family"": ""AUTOMATA"", ""seed"": 123, ""split"": ""fold_0""}, ""training"": {""batch_size"": 32, ""early_stopping"": {""enabled"": true, ""patience"": 5}, ""epochs"": 50, ""optimizer"": ""adam""}}",SKAB,"[""valve1"", ""valve2""]",anomaly,"[""datetime"", ""changepoint"", ""source_group"", ""source_file""]",source_file,0.6,0.2,0.2,True,mean,standard,True,1,16,1,True,0.0,0.05,cuda,[123],32,50,True,5,adam,0.1,4,3,4,1,True,levenshtein,True,0.0001,average_log_probability,0.05,AUTOMATA,123,fold_0,123
0.38893844781445136,0.3674976915974146,1.0,0.537474679270763,SKAB,AUTOMATA,fold_1,average_log_probability,-0.02783485838878462,5.995503352933068e-129,-0.2636093457581729,1121,1121,0,"{""automata"": {""anomaly_threshold"": 0.1, ""decision"": {""fallback_quantile"": 0.05, ""score_field"": ""average_log_probability""}, ""paa"": {""window_size"": 4}, ""probability"": {""epsilon"": 0.0001, ""smoothing"": true}, ""sax"": {""alphabet_size"": 3}, ""sliding_window"": {""size"": 4, ""stride"": 1}, ""unseen_pattern"": {""enabled"": true, ""method"": ""levenshtein""}}, ""dataset"": {""config"": {""drop_columns"": [""datetime"", ""changepoint"", ""source_group"", ""source_file""], ""group_column"": ""source_file"", ""split"": {""test"": 0.2, ""train"": 0.6, ""validation"": 0.2}, ""target_column"": ""anomaly"", ""valve_folders"": [""valve1"", ""valve2""]}, ""name"": ""SKAB""}, ""noise"": {""enabled"": true, ""gaussian_mean"": 0.0, ""gaussian_std"": 0.05}, ""preprocessing"": {""missing_data"": {""enabled"": true, ""strategy"": ""mean""}, ""pca"": {""enabled"": true, ""n_components"": 1}, ""scaler"": ""standard"", ""sequence_length"": 16, ""sequence_stride"": 1}, ""project"": {""device"": ""cuda"", ""random_seeds"": [123]}, ""run"": {""family"": ""AUTOMATA"", ""seed"": 123, ""split"": ""fold_1""}, ""training"": {""batch_size"": 32, ""early_stopping"": {""enabled"": true, ""patience"": 5}, ""epochs"": 50, ""optimizer"": ""adam""}}",SKAB,"[""valve1"", ""valve2""]",anomaly,"[""datetime"", ""changepoint"", ""source_group"", ""source_file""]",source_file,0.6,0.2,0.2,True,mean,standard,True,1,16,1,True,0.0,0.05,cuda,[123],32,50,True,5,adam,0.1,4,3,4,1,True,levenshtein,True,0.0001,average_log_probability,0.05,AUTOMATA,123,fold_1,123
0.4750889679715303,0.40638297872340423,0.9227053140096618,0.5642540620384048,SKAB,AUTOMATA,fold_2,average_log_probability,-0.02198177765990592,1.060238736386779e-144,-0.295203703726956,1124,1124,0,"{""automata"": {""anomaly_threshold"": 0.1, ""decision"": {""fallback_quantile"": 0.05, ""score_field"": ""average_log_probability""}, ""paa"": {""window_size"": 4}, ""probability"": {""epsilon"": 0.0001, ""smoothing"": true}, ""sax"": {""alphabet_size"": 3}, ""sliding_window"": {""size"": 4, ""stride"": 1}, ""unseen_pattern"": {""enabled"": true, ""method"": ""levenshtein""}}, ""dataset"": {""config"": {""drop_columns"": [""datetime"", ""changepoint"", ""source_group"", ""source_file""], ""group_column"": ""source_file"", ""split"": {""test"": 0.2, ""train"": 0.6, ""validation"": 0.2}, ""target_column"": ""anomaly"", ""valve_folders"": [""valve1"", ""valve2""]}, ""name"": ""SKAB""}, ""noise"": {""enabled"": true, ""gaussian_mean"": 0.0, ""gaussian_std"": 0.05}, ""preprocessing"": {""missing_data"": {""enabled"": true, ""strategy"": ""mean""}, ""pca"": {""enabled"": true, ""n_components"": 1}, ""scaler"": ""standard"", ""sequence_length"": 16, ""sequence_stride"": 1}, ""project"": {""device"": ""cuda"", ""random_seeds"": [123]}, ""run"": {""family"": ""AUTOMATA"", ""seed"": 123, ""split"": ""fold_2""}, ""training"": {""batch_size"": 32, ""early_stopping"": {""enabled"": true, ""patience"": 5}, ""epochs"": 50, ""optimizer"": ""adam""}}",SKAB,"[""valve1"", ""valve2""]",anomaly,"[""datetime"", ""changepoint"", ""source_group"", ""source_file""]",source_file,0.6,0.2,0.2,True,mean,standard,True,1,16,1,True,0.0,0.05,cuda,[123],32,50,True,5,adam,0.1,4,3,4,1,True,levenshtein,True,0.0001,average_log_probability,0.05,AUTOMATA,123,fold_2,123
0.5036101083032491,0.4308176100628931,0.9832535885167464,0.5991253644314869,SKAB,AUTOMATA,fold_3,average_log_probability,-0.20664158192118992,1.89137684440837e-188,-0.3904685568472626,1108,1104,4,"{""automata"": {""anomaly_threshold"": 0.1, ""decision"": {""fallback_quantile"": 0.05, ""score_field"": ""average_log_probability""}, ""paa"": {""window_size"": 4}, ""probability"": {""epsilon"": 0.0001, ""smoothing"": true}, ""sax"": {""alphabet_size"": 3}, ""sliding_window"": {""size"": 4, ""stride"": 1}, ""unseen_pattern"": {""enabled"": true, ""method"": ""levenshtein""}}, ""dataset"": {""config"": {""drop_columns"": [""datetime"", ""changepoint"", ""source_group"", ""source_file""], ""group_column"": ""source_file"", ""split"": {""test"": 0.2, ""train"": 0.6, ""validation"": 0.2}, ""target_column"": ""anomaly"", ""valve_folders"": [""valve1"", ""valve2""]}, ""name"": ""SKAB""}, ""noise"": {""enabled"": true, ""gaussian_mean"": 0.0, ""gaussian_std"": 0.05}, ""preprocessing"": {""missing_data"": {""enabled"": true, ""strategy"": ""mean""}, ""pca"": {""enabled"": true, ""n_components"": 1}, ""scaler"": ""standard"", ""sequence_length"": 16, ""sequence_stride"": 1}, ""project"": {""device"": ""cuda"", ""random_seeds"": [123]}, ""run"": {""family"": ""AUTOMATA"", ""seed"": 123, ""split"": ""fold_3""}, ""training"": {""batch_size"": 32, ""early_stopping"": {""enabled"": true, ""patience"": 5}, ""epochs"": 50, ""optimizer"": ""adam""}}",SKAB,"[""valve1"", ""valve2""]",anomaly,"[""datetime"", ""changepoint"", ""source_group"", ""source_file""]",source_file,0.6,0.2,0.2,True,mean,standard,True,1,16,1,True,0.0,0.05,cuda,[123],32,50,True,5,adam,0.1,4,3,4,1,True,levenshtein,True,0.0001,average_log_probability,0.05,AUTOMATA,123,fold_3,123
0.3566371681415929,0.35606731620903453,1.0,0.5251469627694317,SKAB,AUTOMATA,fold_4,average_log_probability,-0.007140159370173622,8.164127444957987e-284,-0.5773555505357627,1130,1128,2,"{""automata"": {""anomaly_threshold"": 0.1, ""decision"": {""fallback_quantile"": 0.05, ""score_field"": ""average_log_probability""}, ""paa"": {""window_size"": 4}, ""probability"": {""epsilon"": 0.0001, ""smoothing"": true}, ""sax"": {""alphabet_size"": 3}, ""sliding_window"": {""size"": 4, ""stride"": 1}, ""unseen_pattern"": {""enabled"": true, ""method"": ""levenshtein""}}, ""dataset"": {""config"": {""drop_columns"": [""datetime"", ""changepoint"", ""source_group"", ""source_file""], ""group_column"": ""source_file"", ""split"": {""test"": 0.2, ""train"": 0.6, ""validation"": 0.2}, ""target_column"": ""anomaly"", ""valve_folders"": [""valve1"", ""valve2""]}, ""name"": ""SKAB""}, ""noise"": {""enabled"": true, ""gaussian_mean"": 0.0, ""gaussian_std"": 0.05}, ""preprocessing"": {""missing_data"": {""enabled"": true, ""strategy"": ""mean""}, ""pca"": {""enabled"": true, ""n_components"": 1}, ""scaler"": ""standard"", ""sequence_length"": 16, ""sequence_stride"": 1}, ""project"": {""device"": ""cuda"", ""random_seeds"": [123]}, ""run"": {""family"": ""AUTOMATA"", ""seed"": 123, ""split"": ""fold_4""}, ""training"": {""batch_size"": 32, ""early_stopping"": {""enabled"": true, ""patience"": 5}, ""epochs"": 50, ""optimizer"": ""adam""}}",SKAB,"[""valve1"", ""valve2""]",anomaly,"[""datetime"", ""changepoint"", ""source_group"", ""source_file""]",source_file,0.6,0.2,0.2,True,mean,standard,True,1,16,1,True,0.0,0.05,cuda,[123],32,50,True,5,adam,0.1,4,3,4,1,True,levenshtein,True,0.0001,average_log_probability,0.05,AUTOMATA,123,fold_4,123
0.35625,0.355674709562109,1.0,0.5247198417930126,SKAB,AUTOMATA,fold_0,average_log_probability,-0.21524142524493325,1.013508227719821e-193,-0.39712735044044195,1120,1117,3,"{""automata"": {""anomaly_threshold"": 0.1, ""decision"": {""fallback_quantile"": 0.05, ""score_field"": ""average_log_probability""}, ""paa"": {""window_size"": 4}, ""probability"": {""epsilon"": 0.0001, ""smoothing"": true}, ""sax"": {""alphabet_size"": 3}, ""sliding_window"": {""size"": 4, ""stride"": 1}, ""unseen_pattern"": {""enabled"": true, ""method"": ""levenshtein""}}, ""dataset"": {""config"": {""drop_columns"": [""datetime"", ""changepoint"", ""source_group"", ""source_file""], ""group_column"": ""source_file"", ""split"": {""test"": 0.2, ""train"": 0.6, ""validation"": 0.2}, ""target_column"": ""anomaly"", ""valve_folders"": [""valve1"", ""valve2""]}, ""name"": ""SKAB""}, ""noise"": {""enabled"": true, ""gaussian_mean"": 0.0, ""gaussian_std"": 0.05}, ""preprocessing"": {""missing_data"": {""enabled"": true, ""strategy"": ""mean""}, ""pca"": {""enabled"": true, ""n_components"": 1}, ""scaler"": ""standard"", ""sequence_length"": 16, ""sequence_stride"": 1}, ""project"": {""device"": ""cuda"", ""random_seeds"": [2026]}, ""run"": {""family"": ""AUTOMATA"", ""seed"": 2026, ""split"": ""fold_0""}, ""training"": {""batch_size"": 32, ""early_stopping"": {""enabled"": true, ""patience"": 5}, ""epochs"": 50, ""optimizer"": ""adam""}}",SKAB,"[""valve1"", ""valve2""]",anomaly,"[""datetime"", ""changepoint"", ""source_group"", ""source_file""]",source_file,0.6,0.2,0.2,True,mean,standard,True,1,16,1,True,0.0,0.05,cuda,[2026],32,50,True,5,adam,0.1,4,3,4,1,True,levenshtein,True,0.0001,average_log_probability,0.05,AUTOMATA,2026,fold_0,2026
0.47946428571428573,0.40551583248212464,0.9974874371859297,0.5766158315177923,SKAB,AUTOMATA,fold_1,average_log_probability,-0.026002223973932724,9.182521488410421e-129,-0.2634639635007815,1120,1118,2,"{""automata"": {""anomaly_threshold"": 0.1, ""decision"": {""fallback_quantile"": 0.05, ""score_field"": ""average_log_probability""}, ""paa"": {""window_size"": 4}, ""probability"": {""epsilon"": 0.0001, ""smoothing"": true}, ""sax"": {""alphabet_size"": 3}, ""sliding_window"": {""size"": 4, ""stride"": 1}, ""unseen_pattern"": {""enabled"": true, ""method"": ""levenshtein""}}, ""dataset"": {""config"": {""drop_columns"": [""datetime"", ""changepoint"", ""source_group"", ""source_file""], ""group_column"": ""source_file"", ""split"": {""test"": 0.2, ""train"": 0.6, ""validation"": 0.2}, ""target_column"": ""anomaly"", ""valve_folders"": [""valve1"", ""valve2""]}, ""name"": ""SKAB""}, ""noise"": {""enabled"": true, ""gaussian_mean"": 0.0, ""gaussian_std"": 0.05}, ""preprocessing"": {""missing_data"": {""enabled"": true, ""strategy"": ""mean""}, ""pca"": {""enabled"": true, ""n_components"": 1}, ""scaler"": ""standard"", ""sequence_length"": 16, ""sequence_stride"": 1}, ""project"": {""device"": ""cuda"", ""random_seeds"": [2026]}, ""run"": {""family"": ""AUTOMATA"", ""seed"": 2026, ""split"": ""fold_1""}, ""training"": {""batch_size"": 32, ""early_stopping"": {""enabled"": true, ""patience"": 5}, ""epochs"": 50, ""optimizer"": ""adam""}}",SKAB,"[""valve1"", ""valve2""]",anomaly,"[""datetime"", ""changepoint"", ""source_group"", ""source_file""]",source_file,0.6,0.2,0.2,True,mean,standard,True,1,16,1,True,0.0,0.05,cuda,[2026],32,50,True,5,adam,0.1,4,3,4,1,True,levenshtein,True,0.0001,average_log_probability,0.05,AUTOMATA,2026,fold_1,2026
0.4750889679715303,0.40638297872340423,0.9227053140096618,0.5642540620384048,SKAB,AUTOMATA,fold_2,average_log_probability,-0.02198177765990592,1.060238736386779e-144,-0.295203703726956,1124,1124,0,"{""automata"": {""anomaly_threshold"": 0.1, ""decision"": {""fallback_quantile"": 0.05, ""score_field"": ""average_log_probability""}, ""paa"": {""window_size"": 4}, ""probability"": {""epsilon"": 0.0001, ""smoothing"": true}, ""sax"": {""alphabet_size"": 3}, ""sliding_window"": {""size"": 4, ""stride"": 1}, ""unseen_pattern"": {""enabled"": true, ""method"": ""levenshtein""}}, ""dataset"": {""config"": {""drop_columns"": [""datetime"", ""changepoint"", ""source_group"", ""source_file""], ""group_column"": ""source_file"", ""split"": {""test"": 0.2, ""train"": 0.6, ""validation"": 0.2}, ""target_column"": ""anomaly"", ""valve_folders"": [""valve1"", ""valve2""]}, ""name"": ""SKAB""}, ""noise"": {""enabled"": true, ""gaussian_mean"": 0.0, ""gaussian_std"": 0.05}, ""preprocessing"": {""missing_data"": {""enabled"": true, ""strategy"": ""mean""}, ""pca"": {""enabled"": true, ""n_components"": 1}, ""scaler"": ""standard"", ""sequence_length"": 16, ""sequence_stride"": 1}, ""project"": {""device"": ""cuda"", ""random_seeds"": [2026]}, ""run"": {""family"": ""AUTOMATA"", ""seed"": 2026, ""split"": ""fold_2""}, ""training"": {""batch_size"": 32, ""early_stopping"": {""enabled"": true, ""patience"": 5}, ""epochs"": 50, ""optimizer"": ""adam""}}",SKAB,"[""valve1"", ""valve2""]",anomaly,"[""datetime"", ""changepoint"", ""source_group"", ""source_file""]",source_file,0.6,0.2,0.2,True,mean,standard,True,1,16,1,True,0.0,0.05,cuda,[2026],32,50,True,5,adam,0.1,4,3,4,1,True,levenshtein,True,0.0001,average_log_probability,0.05,AUTOMATA,2026,fold_2,2026
0.3814247069431921,0.3786231884057971,1.0,0.5492772667542707,SKAB,AUTOMATA,fold_3,average_log_probability,-0.2021842351399221,1.631218232877885e-146,-0.30296759608243207,1109,1109,0,"{""automata"": {""anomaly_threshold"": 0.1, ""decision"": {""fallback_quantile"": 0.05, ""score_field"": ""average_log_probability""}, ""paa"": {""window_size"": 4}, ""probability"": {""epsilon"": 0.0001, ""smoothing"": true}, ""sax"": {""alphabet_size"": 3}, ""sliding_window"": {""size"": 4, ""stride"": 1}, ""unseen_pattern"": {""enabled"": true, ""method"": ""levenshtein""}}, ""dataset"": {""config"": {""drop_columns"": [""datetime"", ""changepoint"", ""source_group"", ""source_file""], ""group_column"": ""source_file"", ""split"": {""test"": 0.2, ""train"": 0.6, ""validation"": 0.2}, ""target_column"": ""anomaly"", ""valve_folders"": [""valve1"", ""valve2""]}, ""name"": ""SKAB""}, ""noise"": {""enabled"": true, ""gaussian_mean"": 0.0, ""gaussian_std"": 0.05}, ""preprocessing"": {""missing_data"": {""enabled"": true, ""strategy"": ""mean""}, ""pca"": {""enabled"": true, ""n_components"": 1}, ""scaler"": ""standard"", ""sequence_length"": 16, ""sequence_stride"": 1}, ""project"": {""device"": ""cuda"", ""random_seeds"": [2026]}, ""run"": {""family"": ""AUTOMATA"", ""seed"": 2026, ""split"": ""fold_3""}, ""training"": {""batch_size"": 32, ""early_stopping"": {""enabled"": true, ""patience"": 5}, ""epochs"": 50, ""optimizer"": ""adam""}}",SKAB,"[""valve1"", ""valve2""]",anomaly,"[""datetime"", ""changepoint"", ""source_group"", ""source_file""]",source_file,0.6,0.2,0.2,True,mean,standard,True,1,16,1,True,0.0,0.05,cuda,[2026],32,50,True,5,adam,0.1,4,3,4,1,True,levenshtein,True,0.0001,average_log_probability,0.05,AUTOMATA,2026,fold_3,2026
0.3572060123784262,0.3566371681415929,1.0,0.5257664709719504,SKAB,AUTOMATA,fold_4,average_log_probability,-0.006295739247944775,2.8060701504950994e-242,-0.4922069093124006,1131,1125,6,"{""automata"": {""anomaly_threshold"": 0.1, ""decision"": {""fallback_quantile"": 0.05, ""score_field"": ""average_log_probability""}, ""paa"": {""window_size"": 4}, ""probability"": {""epsilon"": 0.0001, ""smoothing"": true}, ""sax"": {""alphabet_size"": 3}, ""sliding_window"": {""size"": 4, ""stride"": 1}, ""unseen_pattern"": {""enabled"": true, ""method"": ""levenshtein""}}, ""dataset"": {""config"": {""drop_columns"": [""datetime"", ""changepoint"", ""source_group"", ""source_file""], ""group_column"": ""source_file"", ""split"": {""test"": 0.2, ""train"": 0.6, ""validation"": 0.2}, ""target_column"": ""anomaly"", ""valve_folders"": [""valve1"", ""valve2""]}, ""name"": ""SKAB""}, ""noise"": {""enabled"": true, ""gaussian_mean"": 0.0, ""gaussian_std"": 0.05}, ""preprocessing"": {""missing_data"": {""enabled"": true, ""strategy"": ""mean""}, ""pca"": {""enabled"": true, ""n_components"": 1}, ""scaler"": ""standard"", ""sequence_length"": 16, ""sequence_stride"": 1}, ""project"": {""device"": ""cuda"", ""random_seeds"": [2026]}, ""run"": {""family"": ""AUTOMATA"", ""seed"": 2026, ""split"": ""fold_4""}, ""training"": {""batch_size"": 32, ""early_stopping"": {""enabled"": true, ""patience"": 5}, ""epochs"": 50, ""optimizer"": ""adam""}}",SKAB,"[""valve1"", ""valve2""]",anomaly,"[""datetime"", ""changepoint"", ""source_group"", ""source_file""]",source_file,0.6,0.2,0.2,True,mean,standard,True,1,16,1,True,0.0,0.05,cuda,[2026],32,50,True,5,adam,0.1,4,3,4,1,True,levenshtein,True,0.0001,average_log_probability,0.05,AUTOMATA,2026,fold_4,2026
0.35650623885918004,0.3559322033898305,1.0,0.525,SKAB,AUTOMATA,fold_0,average_log_probability,-0.20569520356427018,8.546889166237603e-155,-0.3164630883474972,1122,1117,5,"{""automata"": {""anomaly_threshold"": 0.1, ""decision"": {""fallback_quantile"": 0.05, ""score_field"": ""average_log_probability""}, ""paa"": {""window_size"": 4}, ""probability"": {""epsilon"": 0.0001, ""smoothing"": true}, ""sax"": {""alphabet_size"": 3}, ""sliding_window"": {""size"": 4, ""stride"": 1}, ""unseen_pattern"": {""enabled"": true, ""method"": ""levenshtein""}}, ""dataset"": {""config"": {""drop_columns"": [""datetime"", ""changepoint"", ""source_group"", ""source_file""], ""group_column"": ""source_file"", ""split"": {""test"": 0.2, ""train"": 0.6, ""validation"": 0.2}, ""target_column"": ""anomaly"", ""valve_folders"": [""valve1"", ""valve2""]}, ""name"": ""SKAB""}, ""noise"": {""enabled"": true, ""gaussian_mean"": 0.0, ""gaussian_std"": 0.05}, ""preprocessing"": {""missing_data"": {""enabled"": true, ""strategy"": ""mean""}, ""pca"": {""enabled"": true, ""n_components"": 1}, ""scaler"": ""standard"", ""sequence_length"": 16, ""sequence_stride"": 1}, ""project"": {""device"": ""cuda"", ""random_seeds"": [7]}, ""run"": {""family"": ""AUTOMATA"", ""seed"": 7, ""split"": ""fold_0""}, ""training"": {""batch_size"": 32, ""early_stopping"": {""enabled"": true, ""patience"": 5}, ""epochs"": 50, ""optimizer"": ""adam""}}",SKAB,"[""valve1"", ""valve2""]",anomaly,"[""datetime"", ""changepoint"", ""source_group"", ""source_file""]",source_file,0.6,0.2,0.2,True,mean,standard,True,1,16,1,True,0.0,0.05,cuda,[7],32,50,True,5,adam,0.1,4,3,4,1,True,levenshtein,True,0.0001,average_log_probability,0.05,AUTOMATA,7,fold_0,7
0.47996438112199463,0.4063136456211813,0.9975,0.5774240231548481,SKAB,AUTOMATA,fold_1,average_log_probability,-0.027502874638149512,7.456328010471245e-114,-0.23216188728349765,1123,1123,0,"{""automata"": {""anomaly_threshold"": 0.1, ""decision"": {""fallback_quantile"": 0.05, ""score_field"": ""average_log_probability""}, ""paa"": {""window_size"": 4}, ""probability"": {""epsilon"": 0.0001, ""smoothing"": true}, ""sax"": {""alphabet_size"": 3}, ""sliding_window"": {""size"": 4, ""stride"": 1}, ""unseen_pattern"": {""enabled"": true, ""method"": ""levenshtein""}}, ""dataset"": {""config"": {""drop_columns"": [""datetime"", ""changepoint"", ""source_group"", ""source_file""], ""group_column"": ""source_file"", ""split"": {""test"": 0.2, ""train"": 0.6, ""validation"": 0.2}, ""target_column"": ""anomaly"", ""valve_folders"": [""valve1"", ""valve2""]}, ""name"": ""SKAB""}, ""noise"": {""enabled"": true, ""gaussian_mean"": 0.0, ""gaussian_std"": 0.05}, ""preprocessing"": {""missing_data"": {""enabled"": true, ""strategy"": ""mean""}, ""pca"": {""enabled"": true, ""n_components"": 1}, ""scaler"": ""standard"", ""sequence_length"": 16, ""sequence_stride"": 1}, ""project"": {""device"": ""cuda"", ""random_seeds"": [7]}, ""run"": {""family"": ""AUTOMATA"", ""seed"": 7, ""split"": ""fold_1""}, ""training"": {""batch_size"": 32, ""early_stopping"": {""enabled"": true, ""patience"": 5}, ""epochs"": 50, ""optimizer"": ""adam""}}",SKAB,"[""valve1"", ""valve2""]",anomaly,"[""datetime"", ""changepoint"", ""source_group"", ""source_file""]",source_file,0.6,0.2,0.2,True,mean,standard,True,1,16,1,True,0.0,0.05,cuda,[7],32,50,True,5,adam,0.1,4,3,4,1,True,levenshtein,True,0.0001,average_log_probability,0.05,AUTOMATA,7,fold_1,7
0.4750889679715303,0.40638297872340423,0.9227053140096618,0.5642540620384048,SKAB,AUTOMATA,fold_2,average_log_probability,-0.02198177765990592,1.060238736386779e-144,-0.295203703726956,1124,1124,0,"{""automata"": {""anomaly_threshold"": 0.1, ""decision"": {""fallback_quantile"": 0.05, ""score_field"": ""average_log_probability""}, ""paa"": {""window_size"": 4}, ""probability"": {""epsilon"": 0.0001, ""smoothing"": true}, ""sax"": {""alphabet_size"": 3}, ""sliding_window"": {""size"": 4, ""stride"": 1}, ""unseen_pattern"": {""enabled"": true, ""method"": ""levenshtein""}}, ""dataset"": {""config"": {""drop_columns"": [""datetime"", ""changepoint"", ""source_group"", ""source_file""], ""group_column"": ""source_file"", ""split"": {""test"": 0.2, ""train"": 0.6, ""validation"": 0.2}, ""target_column"": ""anomaly"", ""valve_folders"": [""valve1"", ""valve2""]}, ""name"": ""SKAB""}, ""noise"": {""enabled"": true, ""gaussian_mean"": 0.0, ""gaussian_std"": 0.05}, ""preprocessing"": {""missing_data"": {""enabled"": true, ""strategy"": ""mean""}, ""pca"": {""enabled"": true, ""n_components"": 1}, ""scaler"": ""standard"", ""sequence_length"": 16, ""sequence_stride"": 1}, ""project"": {""device"": ""cuda"", ""random_seeds"": [7]}, ""run"": {""family"": ""AUTOMATA"", ""seed"": 7, ""split"": ""fold_2""}, ""training"": {""batch_size"": 32, ""early_stopping"": {""enabled"": true, ""patience"": 5}, ""epochs"": 50, ""optimizer"": ""adam""}}",SKAB,"[""valve1"", ""valve2""]",anomaly,"[""datetime"", ""changepoint"", ""source_group"", ""source_file""]",source_file,0.6,0.2,0.2,True,mean,standard,True,1,16,1,True,0.0,0.05,cuda,[7],32,50,True,5,adam,0.1,4,3,4,1,True,levenshtein,True,0.0001,average_log_probability,0.05,AUTOMATA,7,fold_2,7
0.3764705882352941,0.3759057971014493,1.0,0.5464121132323897,SKAB,AUTOMATA,fold_3,average_log_probability,-0.026411260878923225,1.4659422248912295e-197,-0.4105314901514313,1105,1103,2,"{""automata"": {""anomaly_threshold"": 0.1, ""decision"": {""fallback_quantile"": 0.05, ""score_field"": ""average_log_probability""}, ""paa"": {""window_size"": 4}, ""probability"": {""epsilon"": 0.0001, ""smoothing"": true}, ""sax"": {""alphabet_size"": 3}, ""sliding_window"": {""size"": 4, ""stride"": 1}, ""unseen_pattern"": {""enabled"": true, ""method"": ""levenshtein""}}, ""dataset"": {""config"": {""drop_columns"": [""datetime"", ""changepoint"", ""source_group"", ""source_file""], ""group_column"": ""source_file"", ""split"": {""test"": 0.2, ""train"": 0.6, ""validation"": 0.2}, ""target_column"": ""anomaly"", ""valve_folders"": [""valve1"", ""valve2""]}, ""name"": ""SKAB""}, ""noise"": {""enabled"": true, ""gaussian_mean"": 0.0, ""gaussian_std"": 0.05}, ""preprocessing"": {""missing_data"": {""enabled"": true, ""strategy"": ""mean""}, ""pca"": {""enabled"": true, ""n_components"": 1}, ""scaler"": ""standard"", ""sequence_length"": 16, ""sequence_stride"": 1}, ""project"": {""device"": ""cuda"", ""random_seeds"": [7]}, ""run"": {""family"": ""AUTOMATA"", ""seed"": 7, ""split"": ""fold_3""}, ""training"": {""batch_size"": 32, ""early_stopping"": {""enabled"": true, ""patience"": 5}, ""epochs"": 50, ""optimizer"": ""adam""}}",SKAB,"[""valve1"", ""valve2""]",anomaly,"[""datetime"", ""changepoint"", ""source_group"", ""source_file""]",source_file,0.6,0.2,0.2,True,mean,standard,True,1,16,1,True,0.0,0.05,cuda,[7],32,50,True,5,adam,0.1,4,3,4,1,True,levenshtein,True,0.0001,average_log_probability,0.05,AUTOMATA,7,fold_3,7
0.3572060123784262,0.3566371681415929,1.0,0.5257664709719504,SKAB,AUTOMATA,fold_4,average_log_probability,-0.008064426569852984,1.4547269421429794e-249,-0.5070520972930452,1131,1129,2,"{""automata"": {""anomaly_threshold"": 0.1, ""decision"": {""fallback_quantile"": 0.05, ""score_field"": ""average_log_probability""}, ""paa"": {""window_size"": 4}, ""probability"": {""epsilon"": 0.0001, ""smoothing"": true}, ""sax"": {""alphabet_size"": 3}, ""sliding_window"": {""size"": 4, ""stride"": 1}, ""unseen_pattern"": {""enabled"": true, ""method"": ""levenshtein""}}, ""dataset"": {""config"": {""drop_columns"": [""datetime"", ""changepoint"", ""source_group"", ""source_file""], ""group_column"": ""source_file"", ""split"": {""test"": 0.2, ""train"": 0.6, ""validation"": 0.2}, ""target_column"": ""anomaly"", ""valve_folders"": [""valve1"", ""valve2""]}, ""name"": ""SKAB""}, ""noise"": {""enabled"": true, ""gaussian_mean"": 0.0, ""gaussian_std"": 0.05}, ""preprocessing"": {""missing_data"": {""enabled"": true, ""strategy"": ""mean""}, ""pca"": {""enabled"": true, ""n_components"": 1}, ""scaler"": ""standard"", ""sequence_length"": 16, ""sequence_stride"": 1}, ""project"": {""device"": ""cuda"", ""random_seeds"": [7]}, ""run"": {""family"": ""AUTOMATA"", ""seed"": 7, ""split"": ""fold_4""}, ""training"": {""batch_size"": 32, ""early_stopping"": {""enabled"": true, ""patience"": 5}, ""epochs"": 50, ""optimizer"": ""adam""}}",SKAB,"[""valve1"", ""valve2""]",anomaly,"[""datetime"", ""changepoint"", ""source_group"", ""source_file""]",source_file,0.6,0.2,0.2,True,mean,standard,True,1,16,1,True,0.0,0.05,cuda,[7],32,50,True,5,adam,0.1,4,3,4,1,True,levenshtein,True,0.0001,average_log_probability,0.05,AUTOMATA,7,fold_4,7
0.3570792520035619,0.35650623885918004,1.0,0.5256241787122208,SKAB,AUTOMATA,fold_0,average_log_probability,-0.028284712656367506,3.342454715351672e-179,-0.36627096806075765,1123,1115,8,"{""automata"": {""anomaly_threshold"": 0.1, ""decision"": {""fallback_quantile"": 0.05, ""score_field"": ""average_log_probability""}, ""paa"": {""window_size"": 4}, ""probability"": {""epsilon"": 0.0001, ""smoothing"": true}, ""sax"": {""alphabet_size"": 3}, ""sliding_window"": {""size"": 4, ""stride"": 1}, ""unseen_pattern"": {""enabled"": true, ""method"": ""levenshtein""}}, ""dataset"": {""config"": {""drop_columns"": [""datetime"", ""changepoint"", ""source_group"", ""source_file""], ""group_column"": ""source_file"", ""split"": {""test"": 0.2, ""train"": 0.6, ""validation"": 0.2}, ""target_column"": ""anomaly"", ""valve_folders"": [""valve1"", ""valve2""]}, ""name"": ""SKAB""}, ""noise"": {""enabled"": true, ""gaussian_mean"": 0.0, ""gaussian_std"": 0.05}, ""preprocessing"": {""missing_data"": {""enabled"": true, ""strategy"": ""mean""}, ""pca"": {""enabled"": true, ""n_components"": 1}, ""scaler"": ""standard"", ""sequence_length"": 16, ""sequence_stride"": 1}, ""project"": {""device"": ""cuda"", ""random_seeds"": [999]}, ""run"": {""family"": ""AUTOMATA"", ""seed"": 999, ""split"": ""fold_0""}, ""training"": {""batch_size"": 32, ""early_stopping"": {""enabled"": true, ""patience"": 5}, ""epochs"": 50, ""optimizer"": ""adam""}}",SKAB,"[""valve1"", ""valve2""]",anomaly,"[""datetime"", ""changepoint"", ""source_group"", ""source_file""]",source_file,0.6,0.2,0.2,True,mean,standard,True,1,16,1,True,0.0,0.05,cuda,[999],32,50,True,5,adam,0.1,4,3,4,1,True,levenshtein,True,0.0001,average_log_probability,0.05,AUTOMATA,999,fold_0,999
0.6446428571428572,0.0,0.0,0.0,SKAB,AUTOMATA,fold_1,average_log_probability,-0.2884781397709827,1.4643596207961819e-130,-0.2671623271324651,1120,1118,2,"{""automata"": {""anomaly_threshold"": 0.1, ""decision"": {""fallback_quantile"": 0.05, ""score_field"": ""average_log_probability""}, ""paa"": {""window_size"": 4}, ""probability"": {""epsilon"": 0.0001, ""smoothing"": true}, ""sax"": {""alphabet_size"": 3}, ""sliding_window"": {""size"": 4, ""stride"": 1}, ""unseen_pattern"": {""enabled"": true, ""method"": ""levenshtein""}}, ""dataset"": {""config"": {""drop_columns"": [""datetime"", ""changepoint"", ""source_group"", ""source_file""], ""group_column"": ""source_file"", ""split"": {""test"": 0.2, ""train"": 0.6, ""validation"": 0.2}, ""target_column"": ""anomaly"", ""valve_folders"": [""valve1"", ""valve2""]}, ""name"": ""SKAB""}, ""noise"": {""enabled"": true, ""gaussian_mean"": 0.0, ""gaussian_std"": 0.05}, ""preprocessing"": {""missing_data"": {""enabled"": true, ""strategy"": ""mean""}, ""pca"": {""enabled"": true, ""n_components"": 1}, ""scaler"": ""standard"", ""sequence_length"": 16, ""sequence_stride"": 1}, ""project"": {""device"": ""cuda"", ""random_seeds"": [999]}, ""run"": {""family"": ""AUTOMATA"", ""seed"": 999, ""split"": ""fold_1""}, ""training"": {""batch_size"": 32, ""early_stopping"": {""enabled"": true, ""patience"": 5}, ""epochs"": 50, ""optimizer"": ""adam""}}",SKAB,"[""valve1"", ""valve2""]",anomaly,"[""datetime"", ""changepoint"", ""source_group"", ""source_file""]",source_file,0.6,0.2,0.2,True,mean,standard,True,1,16,1,True,0.0,0.05,cuda,[999],32,50,True,5,adam,0.1,4,3,4,1,True,levenshtein,True,0.0001,average_log_probability,0.05,AUTOMATA,999,fold_1,999
0.4750889679715303,0.40638297872340423,0.9227053140096618,0.5642540620384048,SKAB,AUTOMATA,fold_2,average_log_probability,-0.02198177765990592,1.060238736386779e-144,-0.295203703726956,1124,1124,0,"{""automata"": {""anomaly_threshold"": 0.1, ""decision"": {""fallback_quantile"": 0.05, ""score_field"": ""average_log_probability""}, ""paa"": {""window_size"": 4}, ""probability"": {""epsilon"": 0.0001, ""smoothing"": true}, ""sax"": {""alphabet_size"": 3}, ""sliding_window"": {""size"": 4, ""stride"": 1}, ""unseen_pattern"": {""enabled"": true, ""method"": ""levenshtein""}}, ""dataset"": {""config"": {""drop_columns"": [""datetime"", ""changepoint"", ""source_group"", ""source_file""], ""group_column"": ""source_file"", ""split"": {""test"": 0.2, ""train"": 0.6, ""validation"": 0.2}, ""target_column"": ""anomaly"", ""valve_folders"": [""valve1"", ""valve2""]}, ""name"": ""SKAB""}, ""noise"": {""enabled"": true, ""gaussian_mean"": 0.0, ""gaussian_std"": 0.05}, ""preprocessing"": {""missing_data"": {""enabled"": true, ""strategy"": ""mean""}, ""pca"": {""enabled"": true, ""n_components"": 1}, ""scaler"": ""standard"", ""sequence_length"": 16, ""sequence_stride"": 1}, ""project"": {""device"": ""cuda"", ""random_seeds"": [999]}, ""run"": {""family"": ""AUTOMATA"", ""seed"": 999, ""split"": ""fold_2""}, ""training"": {""batch_size"": 32, ""early_stopping"": {""enabled"": true, ""patience"": 5}, ""epochs"": 50, ""optimizer"": ""adam""}}",SKAB,"[""valve1"", ""valve2""]",anomaly,"[""datetime"", ""changepoint"", ""source_group"", ""source_file""]",source_file,0.6,0.2,0.2,True,mean,standard,True,1,16,1,True,0.0,0.05,cuda,[999],32,50,True,5,adam,0.1,4,3,4,1,True,levenshtein,True,0.0001,average_log_probability,0.05,AUTOMATA,999,fold_2,999
0.3764705882352941,0.3759057971014493,1.0,0.5464121132323897,SKAB,AUTOMATA,fold_3,average_log_probability,-0.20497405537611432,2.3157707578683953e-215,-0.44765946777249427,1105,1102,3,"{""automata"": {""anomaly_threshold"": 0.1, ""decision"": {""fallback_quantile"": 0.05, ""score_field"": ""average_log_probability""}, ""paa"": {""window_size"": 4}, ""probability"": {""epsilon"": 0.0001, ""smoothing"": true}, ""sax"": {""alphabet_size"": 3}, ""sliding_window"": {""size"": 4, ""stride"": 1}, ""unseen_pattern"": {""enabled"": true, ""method"": ""levenshtein""}}, ""dataset"": {""config"": {""drop_columns"": [""datetime"", ""changepoint"", ""source_group"", ""source_file""], ""group_column"": ""source_file"", ""split"": {""test"": 0.2, ""train"": 0.6, ""validation"": 0.2}, ""target_column"": ""anomaly"", ""valve_folders"": [""valve1"", ""valve2""]}, ""name"": ""SKAB""}, ""noise"": {""enabled"": true, ""gaussian_mean"": 0.0, ""gaussian_std"": 0.05}, ""preprocessing"": {""missing_data"": {""enabled"": true, ""strategy"": ""mean""}, ""pca"": {""enabled"": true, ""n_components"": 1}, ""scaler"": ""standard"", ""sequence_length"": 16, ""sequence_stride"": 1}, ""project"": {""device"": ""cuda"", ""random_seeds"": [999]}, ""run"": {""family"": ""AUTOMATA"", ""seed"": 999, ""split"": ""fold_3""}, ""training"": {""batch_size"": 32, ""early_stopping"": {""enabled"": true, ""patience"": 5}, ""epochs"": 50, ""optimizer"": ""adam""}}",SKAB,"[""valve1"", ""valve2""]",anomaly,"[""datetime"", ""changepoint"", ""source_group"", ""source_file""]",source_file,0.6,0.2,0.2,True,mean,standard,True,1,16,1,True,0.0,0.05,cuda,[999],32,50,True,5,adam,0.1,4,3,4,1,True,levenshtein,True,0.0001,average_log_probability,0.05,AUTOMATA,999,fold_3,999
0.3574580759046778,0.3568904593639576,1.0,0.5260416666666666,SKAB,AUTOMATA,fold_4,average_log_probability,-0.00359049133450818,0.0,-1.3253366996725193,1133,1032,101,"{""automata"": {""anomaly_threshold"": 0.1, ""decision"": {""fallback_quantile"": 0.05, ""score_field"": ""average_log_probability""}, ""paa"": {""window_size"": 4}, ""probability"": {""epsilon"": 0.0001, ""smoothing"": true}, ""sax"": {""alphabet_size"": 3}, ""sliding_window"": {""size"": 4, ""stride"": 1}, ""unseen_pattern"": {""enabled"": true, ""method"": ""levenshtein""}}, ""dataset"": {""config"": {""drop_columns"": [""datetime"", ""changepoint"", ""source_group"", ""source_file""], ""group_column"": ""source_file"", ""split"": {""test"": 0.2, ""train"": 0.6, ""validation"": 0.2}, ""target_column"": ""anomaly"", ""valve_folders"": [""valve1"", ""valve2""]}, ""name"": ""SKAB""}, ""noise"": {""enabled"": true, ""gaussian_mean"": 0.0, ""gaussian_std"": 0.05}, ""preprocessing"": {""missing_data"": {""enabled"": true, ""strategy"": ""mean""}, ""pca"": {""enabled"": true, ""n_components"": 1}, ""scaler"": ""standard"", ""sequence_length"": 16, ""sequence_stride"": 1}, ""project"": {""device"": ""cuda"", ""random_seeds"": [999]}, ""run"": {""family"": ""AUTOMATA"", ""seed"": 999, ""split"": ""fold_4""}, ""training"": {""batch_size"": 32, ""early_stopping"": {""enabled"": true, ""patience"": 5}, ""epochs"": 50, ""optimizer"": ""adam""}}",SKAB,"[""valve1"", ""valve2""]",anomaly,"[""datetime"", ""changepoint"", ""source_group"", ""source_file""]",source_file,0.6,0.2,0.2,True,mean,standard,True,1,16,1,True,0.0,0.05,cuda,[999],32,50,True,5,adam,0.1,4,3,4,1,True,levenshtein,True,0.0001,average_log_probability,0.05,AUTOMATA,999,fold_4,999
