dataset,model,family,split,seed,training_time_seconds,inference_time_seconds,test_examples,epochs_completed,pos_weight,loss_name
SKAB,LSTM,DEEP,fold_0,42,19.192826700018486,0.10222760000033304,4475,13,1.7297077922077921,bce
SKAB,GRU,DEEP,fold_0,42,15.212971799977822,0.10149900001124479,4475,12,1.7297077922077921,bce
SKAB,CNN,DEEP,fold_0,42,11.401791500014951,0.090231699985452,4475,10,1.7297077922077921,bce
SKAB,LSTM,DEEP,fold_1,42,8.101769700006116,0.1036063999927137,4491,6,1.7334334522245167,bce
SKAB,GRU,DEEP,fold_1,42,6.710339000012027,0.11182369999005459,4491,6,1.7334334522245167,bce
SKAB,CNN,DEEP,fold_1,42,4.994140099996002,0.08650969999143854,4491,6,1.7334334522245167,bce
SKAB,LSTM,DEEP,fold_2,42,7.01456280000275,0.1565402999985963,4492,6,1.7622765564002465,bce
SKAB,GRU,DEEP,fold_2,42,6.426705199992284,0.11242669998318888,4492,6,1.7622765564002465,bce
SKAB,CNN,DEEP,fold_2,42,5.1585613999923225,0.08418920001713559,4492,6,1.7622765564002465,bce
SKAB,LSTM,DEEP,fold_3,42,7.072373700008029,0.11886789998970926,4412,6,1.776272577996716,bce
SKAB,GRU,DEEP,fold_3,42,6.607824000006076,0.10627369998837821,4412,6,1.776272577996716,bce
SKAB,CNN,DEEP,fold_3,42,18.1607834000024,0.08352529999683611,4412,23,1.776272577996716,bce
SKAB,LSTM,DEEP,fold_4,42,10.977246800001012,0.12206689998856746,4527,10,1.773576512455516,bce
SKAB,GRU,DEEP,fold_4,42,9.32042899998487,0.11215749999973923,4527,9,1.773576512455516,bce
SKAB,CNN,DEEP,fold_4,42,4.771259300003294,0.09294890001183376,4527,6,1.773576512455516,bce
SKAB,LSTM,DEEP,fold_0,123,13.278542500018375,0.11184249998768792,4483,11,1.7777321281840592,bce
SKAB,GRU,DEEP,fold_0,123,11.937319499993464,0.12277750001521781,4483,11,1.7777321281840592,bce
SKAB,CNN,DEEP,fold_0,123,17.49755830000504,0.0919020000146702,4483,22,1.7777321281840592,bce
SKAB,LSTM,DEEP,fold_1,123,7.150805699988268,0.10903220000909641,4479,6,1.7619859768808035,bce
SKAB,GRU,DEEP,fold_1,123,6.574639500002377,0.1127973000111524,4479,6,1.7619859768808035,bce
SKAB,CNN,DEEP,fold_1,123,5.158621600014158,0.0824344000138808,4479,6,1.7619859768808035,bce
SKAB,LSTM,DEEP,fold_2,123,12.09027730001253,0.11530369997490197,4492,10,1.792507204610951,bce
SKAB,GRU,DEEP,fold_2,123,12.10031040001195,0.10437529999762774,4492,11,1.792507204610951,bce
SKAB,CNN,DEEP,fold_2,123,6.519118900003377,0.11518120000255294,4492,8,1.792507204610951,bce
SKAB,LSTM,DEEP,fold_3,123,6.97628890001215,0.11678599999868311,4426,6,1.7773895169578622,bce
SKAB,GRU,DEEP,fold_3,123,6.46070100000361,0.11160730000119656,4426,6,1.7773895169578622,bce
SKAB,CNN,DEEP,fold_3,123,26.807835800020257,0.08716319999075495,4426,32,1.7773895169578622,bce
SKAB,LSTM,DEEP,fold_4,123,12.915721099998336,0.10784109999076463,4517,11,1.7297846403900854,bce
SKAB,GRU,DEEP,fold_4,123,8.591838400025154,0.13908200000878423,4517,8,1.7297846403900854,bce
SKAB,CNN,DEEP,fold_4,123,18.956988199992338,0.0869925000006333,4517,24,1.7297846403900854,bce
SKAB,LSTM,DEEP,fold_0,2026,7.176062900020042,0.14103920001070946,4477,6,1.7105315947843531,bce
SKAB,GRU,DEEP,fold_0,2026,7.980187199980719,0.14895959998830222,4477,7,1.7105315947843531,bce
SKAB,CNN,DEEP,fold_0,2026,17.60009930000524,0.11770360000082292,4477,22,1.7105315947843531,bce
SKAB,LSTM,DEEP,fold_1,2026,18.000427199993283,0.11176220001652837,4477,16,1.7778461538461539,bce
SKAB,GRU,DEEP,fold_1,2026,11.60659479998867,0.10997009999118745,4477,11,1.7778461538461539,bce
SKAB,CNN,DEEP,fold_1,2026,4.865899700002046,0.1169256999855861,4477,6,1.7778461538461539,bce
SKAB,LSTM,DEEP,fold_2,2026,7.339979700016556,0.11500919997342862,4492,6,1.781633435582822,bce
SKAB,GRU,DEEP,fold_2,2026,6.5500730000203475,0.10397930000908673,4492,6,1.781633435582822,bce
SKAB,CNN,DEEP,fold_2,2026,4.897389399993699,0.08579449998796917,4492,6,1.781633435582822,bce
SKAB,LSTM,DEEP,fold_3,2026,6.98546460000216,0.10758890002034605,4432,6,1.8002499479275151,bce
SKAB,GRU,DEEP,fold_3,2026,9.400860199995805,0.107686500006821,4432,9,1.8002499479275151,bce
SKAB,CNN,DEEP,fold_3,2026,7.797921599994879,0.1085196000058204,4432,10,1.8002499479275151,bce
SKAB,LSTM,DEEP,fold_4,2026,9.463781200000085,0.11456410001846962,4519,8,1.7417124262761847,bce
SKAB,GRU,DEEP,fold_4,2026,11.86781830000109,0.10679239997989498,4519,11,1.7417124262761847,bce
SKAB,CNN,DEEP,fold_4,2026,4.775485499994829,0.08084739997866563,4519,6,1.7417124262761847,bce
SKAB,LSTM,DEEP,fold_0,7,13.721833299990976,0.12907669998821802,4483,12,1.7310036570499796,bce
SKAB,GRU,DEEP,fold_0,7,11.617245000001276,0.10951029998250306,4483,11,1.7310036570499796,bce
SKAB,CNN,DEEP,fold_0,7,6.419139200006612,0.09237759999814443,4483,8,1.7310036570499796,bce
SKAB,LSTM,DEEP,fold_1,7,8.07718069999828,0.11311020000721328,4487,7,1.7504108463434676,bce
SKAB,GRU,DEEP,fold_1,7,9.762248299986823,0.11211629997706041,4487,9,1.7504108463434676,bce
SKAB,CNN,DEEP,fold_1,7,5.603829800005769,0.07844260000274517,4487,7,1.7504108463434676,bce
SKAB,LSTM,DEEP,fold_2,7,12.857049599988386,0.12616350001189858,4492,11,1.7605171352349682,bce
SKAB,GRU,DEEP,fold_2,7,7.492967700003646,0.11284340001293458,4492,7,1.7605171352349682,bce
SKAB,CNN,DEEP,fold_2,7,7.177477199991699,0.08704100002069026,4492,9,1.7605171352349682,bce
SKAB,LSTM,DEEP,fold_3,7,7.054618199996185,0.11789339999086224,4414,6,1.7914438502673797,bce
SKAB,GRU,DEEP,fold_3,7,6.476441800012253,0.10938829998485744,4414,6,1.7914438502673797,bce
SKAB,CNN,DEEP,fold_3,7,4.742868200002704,0.10983579998719506,4414,6,1.7914438502673797,bce
SKAB,LSTM,DEEP,fold_4,7,11.837326600012602,0.1134363999881316,4521,10,1.7924917491749175,bce
SKAB,GRU,DEEP,fold_4,7,7.202039299998432,0.11592380001093261,4521,6,1.7924917491749175,bce
SKAB,CNN,DEEP,fold_4,7,5.058723800000735,0.09237650001887232,4521,6,1.7924917491749175,bce
SKAB,LSTM,DEEP,fold_0,999,9.873944799997844,0.12480309998500161,4487,8,1.7327327327327327,bce
SKAB,GRU,DEEP,fold_0,999,7.354884599975776,0.14400339999701828,4487,6,1.7327327327327327,bce
SKAB,CNN,DEEP,fold_0,999,25.619370700005675,0.08468499997979961,4487,31,1.7327327327327327,bce
SKAB,LSTM,DEEP,fold_1,999,11.900290999998106,0.12531669999589212,4477,10,1.7774584274276328,bce
SKAB,GRU,DEEP,fold_1,999,9.696304599987343,0.10734400001820177,4477,9,1.7774584274276328,bce
SKAB,CNN,DEEP,fold_1,999,4.8201578999869525,0.08323469999595545,4477,6,1.7774584274276328,bce
SKAB,LSTM,DEEP,fold_2,999,6.572757400019327,0.11196040001232177,4492,6,1.8137111898312148,bce
SKAB,GRU,DEEP,fold_2,999,7.258893499994883,0.10544509999454021,4492,7,1.8137111898312148,bce
SKAB,CNN,DEEP,fold_2,999,5.549861500010593,0.08166920000803657,4492,7,1.8137111898312148,bce
SKAB,LSTM,DEEP,fold_3,999,7.222692300012568,0.11444380000466481,4414,6,1.7985028072364317,bce
SKAB,GRU,DEEP,fold_3,999,6.39969089999795,0.09971119998954237,4414,6,1.7985028072364317,bce
SKAB,CNN,DEEP,fold_3,999,10.684595899976557,0.1252565000031609,4414,13,1.7985028072364317,bce
SKAB,LSTM,DEEP,fold_4,999,10.034693900001002,0.15456719999201596,4527,8,1.7808501857201815,bce
SKAB,GRU,DEEP,fold_4,999,7.561837600020226,0.13599430001340806,4527,7,1.7808501857201815,bce
SKAB,CNN,DEEP,fold_4,999,12.549031700007617,0.08677799999713898,4527,16,1.7808501857201815,bce
BATADAL,LSTM,DEEP,test,42,2.034136900008889,0.02083570000831969,821,8,17.87121212121212,bce
BATADAL,GRU,DEEP,test,42,3.524534700001823,0.02635950001422316,821,14,17.87121212121212,focal
BATADAL,CNN,DEEP,test,42,5.750983100006124,0.02190849999897182,821,37,17.87121212121212,bce
BATADAL,LSTM,DEEP,test,123,3.4432244999916293,0.024653400003444403,821,15,17.87121212121212,bce
BATADAL,GRU,DEEP,test,123,2.9660665999981575,0.029307000018889084,821,12,17.87121212121212,focal
BATADAL,CNN,DEEP,test,123,6.119969799998216,0.015862700005527586,821,39,17.87121212121212,bce
BATADAL,LSTM,DEEP,test,2026,4.2619271999865305,0.026566000015009195,821,18,17.87121212121212,bce
BATADAL,GRU,DEEP,test,2026,3.7238417000044137,0.018130699987523258,821,15,17.87121212121212,focal
BATADAL,CNN,DEEP,test,2026,5.134779800020624,0.013272999989567325,821,34,17.87121212121212,bce
BATADAL,LSTM,DEEP,test,7,2.1073722000001,0.02584930000011809,821,9,17.87121212121212,bce
BATADAL,GRU,DEEP,test,7,2.89824419998331,0.02171760000055656,821,12,17.87121212121212,focal
BATADAL,CNN,DEEP,test,7,7.175338500004727,0.013685699988855049,821,46,17.87121212121212,bce
BATADAL,LSTM,DEEP,test,999,2.0382418999797665,0.02271290001226589,821,9,17.87121212121212,bce
BATADAL,GRU,DEEP,test,999,3.174743999989005,0.022388499986846,821,13,17.87121212121212,focal
BATADAL,CNN,DEEP,test,999,2.307589000003645,0.01735999999800697,821,15,17.87121212121212,bce
