dataset,model_a,model_b,statistic,p_value,significant
BATADAL,LSTM,GRU,6.758800521512386,0.0093286445432329,True
SKAB,LSTM,GRU,121.96414694454256,0.0,True
SKAB,LSTM,CNN,1.9066689292380792,0.16733374931418765,False
BATADAL,LSTM,CNN,62.0010162601626,3.4416913763379853e-15,True
BATADAL,LSTM,AUTOMATA,1.5574074074074074,0.21204522977132456,False
BATADAL,GRU,CNN,35.410526315789475,2.6703979028042113e-09,True
SKAB,GRU,CNN,172.07979659690983,0.0,True
BATADAL,GRU,AUTOMATA,0.7920792079207921,0.3734721582867646,False
BATADAL,CNN,AUTOMATA,11.065602836879433,0.000879439920040026,True
