dataset,family,model,split,scenario,noise_level,accuracy_mean,accuracy_std,accuracy_min,accuracy_max,precision_mean,precision_std,precision_min,precision_max,recall_mean,recall_std,recall_min,recall_max,f1_score_mean,f1_score_std,f1_score_min,f1_score_max,test_examples_mean,test_examples_std,test_examples_min,test_examples_max,unseen_examples_mean,unseen_examples_std,unseen_examples_min,unseen_examples_max
BATADAL,AUTOMATA,AUTOMATA,test,noise,0.05,0.7310679611650486,0.00946290713088248,0.7184466019417476,0.7427184466019418,0.2205944638155554,0.008273894036932532,0.21153846153846154,0.23404255319148937,0.38571428571428573,0.015971914124998498,0.35714285714285715,0.39285714285714285,0.28054123354123356,0.008723477886835142,0.2702702702702703,0.29333333333333333,206.0,0.0,206,206,8.6,2.1908902300206643,5.0,11.0
BATADAL,AUTOMATA,AUTOMATA,test,noise,0.1,0.729126213592233,0.007200192705918141,0.7184466019417476,0.7378640776699029,0.2116981190255936,0.00791583282434816,0.2,0.22,0.36428571428571427,0.015971914124998488,0.35714285714285715,0.39285714285714285,0.2677112740270635,0.009509492081346875,0.2564102564102564,0.28205128205128205,206.0,0.0,206,206,7.4,1.6733200530681511,5.0,9.0
BATADAL,AUTOMATA,AUTOMATA,test,noise,0.2,0.7300970873786408,0.011175596537108092,0.7135922330097088,0.7427184466019418,0.21276547260960715,0.0066585815630881545,0.20754716981132076,0.2222222222222222,0.36428571428571427,0.015971914124998488,0.35714285714285715,0.39285714285714285,0.26843272015105707,0.00499443249133689,0.2631578947368421,0.273972602739726,206.0,0.0,206,206,7.2,2.04939015319192,5.0,9.0
BATADAL,AUTOMATA,AUTOMATA,test,original,0.0,0.7281553398058253,0.0,0.7281553398058253,0.7281553398058253,0.22000000000000003,0.0,0.22,0.22,0.39285714285714285,0.0,0.39285714285714285,0.39285714285714285,0.28205128205128205,0.0,0.28205128205128205,0.28205128205128205,206.0,0.0,206,206,9.0,0.0,9.0,9.0
BATADAL,DEEP,CNN,test,noise,0.05,0.8660170523751523,0.0,0.8660170523751523,0.8660170523751523,0.0,0.0,0.0,0.0,0.0,0.0,0.0,0.0,0.0,0.0,0.0,0.0,821.0,0.0,821,821,,,,
BATADAL,DEEP,CNN,test,noise,0.1,0.8660170523751523,0.0,0.8660170523751523,0.8660170523751523,0.0,0.0,0.0,0.0,0.0,0.0,0.0,0.0,0.0,0.0,0.0,0.0,821.0,0.0,821,821,,,,
BATADAL,DEEP,CNN,test,noise,0.2,0.8660170523751523,0.0,0.8660170523751523,0.8660170523751523,0.0,0.0,0.0,0.0,0.0,0.0,0.0,0.0,0.0,0.0,0.0,0.0,821.0,0.0,821,821,,,,
BATADAL,DEEP,CNN,test,original,0.0,0.8660170523751523,0.0,0.8660170523751523,0.8660170523751523,0.0,0.0,0.0,0.0,0.0,0.0,0.0,0.0,0.0,0.0,0.0,0.0,821.0,0.0,821,821,,,,
BATADAL,DEEP,GRU,test,noise,0.05,0.8674786845310596,0.0021788725724724237,0.8660170523751523,0.8708891595615104,0.3333333333333333,0.4714045207910317,0.0,1.0,0.01818181818181818,0.03149183286488867,0.0,0.07272727272727272,0.03337236533957846,0.05680363955843171,0.0,0.13114754098360656,821.0,0.0,821,821,,,,
BATADAL,DEEP,GRU,test,noise,0.1,0.8669914738124238,0.001334281504275655,0.8660170523751523,0.8684531059683313,0.3142857142857143,0.45624912636203746,0.0,1.0,0.01818181818181818,0.03149183286488867,0.0,0.07272727272727272,0.03294930875576037,0.05589398243079792,0.0,0.12903225806451613,821.0,0.0,821,821,,,,
BATADAL,DEEP,GRU,test,noise,0.2,0.8662606577344703,0.0013342815042756695,0.8647990255785627,0.8684531059683313,0.29333333333333333,0.4437216344611663,0.0,1.0,0.016363636363636365,0.02757409252382382,0.0,0.06363636363636363,0.02954285714285714,0.04861997573854111,0.0,0.112,821.0,0.0,821,821,,,,
BATADAL,DEEP,GRU,test,original,0.0,0.8674786845310596,0.0021788725724724237,0.8660170523751523,0.8708891595615104,0.3333333333333333,0.4714045207910317,0.0,1.0,0.01818181818181818,0.03149183286488867,0.0,0.07272727272727272,0.03337236533957846,0.05680363955843171,0.0,0.13114754098360656,821.0,0.0,821,821,,,,
BATADAL,DEEP,LSTM,test,noise,0.05,0.8660170523751523,0.0,0.8660170523751523,0.8660170523751523,0.0,0.0,0.0,0.0,0.0,0.0,0.0,0.0,0.0,0.0,0.0,0.0,821.0,0.0,821,821,,,,
BATADAL,DEEP,LSTM,test,noise,0.1,0.8660170523751523,0.0,0.8660170523751523,0.8660170523751523,0.0,0.0,0.0,0.0,0.0,0.0,0.0,0.0,0.0,0.0,0.0,0.0,821.0,0.0,821,821,,,,
BATADAL,DEEP,LSTM,test,noise,0.2,0.8660170523751523,0.0,0.8660170523751523,0.8660170523751523,0.0,0.0,0.0,0.0,0.0,0.0,0.0,0.0,0.0,0.0,0.0,0.0,821.0,0.0,821,821,,,,
BATADAL,DEEP,LSTM,test,original,0.0,0.8660170523751523,0.0,0.8660170523751523,0.8660170523751523,0.0,0.0,0.0,0.0,0.0,0.0,0.0,0.0,0.0,0.0,0.0,0.0,821.0,0.0,821,821,,,,
SKAB,AUTOMATA,AUTOMATA,fold_0,noise,0.05,0.6179787128564694,0.0039974424427275425,0.6122994652406417,0.6229946524064172,0.21417086079880998,0.053595726838559454,0.14,0.2698412698412698,0.02909794586969937,0.011478123838917607,0.017543859649122806,0.04271356783919598,0.05110129041827786,0.019312188837359266,0.031180400890868598,0.0737527114967462,1121.4,1.341640786499857,1120,1123,3.8,2.280350850198276,1.0,7.0
SKAB,AUTOMATA,AUTOMATA,fold_0,noise,0.1,0.6176212516901847,0.005561448245546537,0.6105169340463458,0.6256684491978609,0.20782417491816826,0.060552566947932346,0.10416666666666667,0.25862068965517243,0.02759166761123915,0.011106062075604049,0.012531328320802004,0.03768844221105527,0.04856454601909539,0.018830998008889148,0.02237136465324385,0.06578947368421052,1121.4,1.341640786499857,1120,1123,4.0,2.23606797749979,1.0,7.0
SKAB,AUTOMATA,AUTOMATA,fold_0,noise,0.2,0.6163702984634314,0.0044531931291090995,0.6114081996434938,0.6221033868092691,0.2125694892127302,0.03765974041130069,0.16363636363636364,0.2545454545454545,0.029591655016939333,0.00840620044457595,0.020050125313283207,0.04020100502512563,0.051836111443099464,0.01397406493834475,0.03636363636363636,0.06911447084233262,1121.4,1.341640786499857,1120,1123,4.8,2.8635642126552705,1.0,8.0
SKAB,AUTOMATA,AUTOMATA,fold_0,original,0.0,0.6179787120061333,0.005281512666903229,0.6122994652406417,0.6256684491978609,0.21215700267618195,0.04651353401110152,0.14,0.2631578947368421,0.028090408181257166,0.00980089321790779,0.017543859649122806,0.03768844221105527,0.049457311624734115,0.01652667228286274,0.031180400890868598,0.06593406593406594,1121.4,1.341640786499857,1120,1123,4.0,2.6457513110645907,1.0,8.0
SKAB,AUTOMATA,AUTOMATA,fold_1,noise,0.05,0.6319558982422503,0.005533546663131818,0.6267857142857143,0.6401785714285714,0.2871249359959037,0.07645113755420035,0.2222222222222222,0.41935483870967744,0.024082914572864322,0.008637544519355918,0.01,0.032663316582914576,0.04426305107719961,0.015583641192884572,0.019138755980861243,0.06060606060606061,1121.6,1.8165902124584903,1120,1124,1.2,1.0954451150103321,0.0,2.0
SKAB,AUTOMATA,AUTOMATA,fold_1,noise,0.1,0.6328468480805088,0.00656838411907262,0.6267857142857143,0.6419642857142858,0.31242016024910757,0.08879550882853578,0.21875,0.45454545454545453,0.026582914572864325,0.0101287605663945,0.015,0.03768844221105527,0.04874493488667818,0.018055110245448026,0.028639618138424822,0.06960556844547564,1121.6,1.8165902124584903,1120,1124,1.2,1.0954451150103321,0.0,2.0
SKAB,AUTOMATA,AUTOMATA,fold_1,noise,0.2,0.6323119285753375,0.005519278957033747,0.6267857142857143,0.6401785714285714,0.30745037717042195,0.07616196035369772,0.2571428571428571,0.4358974358974359,0.028592964824120604,0.011983123686102565,0.0125,0.04271356783919598,0.052070816973764464,0.02120432842986987,0.02386634844868735,0.07780320366132723,1121.6,1.8165902124584903,1120,1124,1.2,1.0954451150103321,0.0,2.0
SKAB,AUTOMATA,AUTOMATA,fold_1,original,0.0,0.6332043086796499,0.005907704331181862,0.6285714285714286,0.6419642857142858,0.3001377978964186,0.08341346991744489,0.25,0.4482758620689655,0.023582914572864322,0.008460840297508038,0.01,0.032663316582914576,0.04353720773270666,0.015374728429580082,0.019230769230769232,0.06088992974238876,1121.6,1.8165902124584903,1120,1124,1.2,1.0954451150103321,0.0,2.0
SKAB,AUTOMATA,AUTOMATA,fold_2,noise,0.05,0.6220640569395017,0.0030431728427912728,0.6183274021352313,0.6263345195729537,0.34825053611706797,0.032776245622826466,0.30434782608695654,0.38461538461538464,0.030434782608695653,0.00975199480105621,0.016908212560386472,0.04106280193236715,0.05569256449952863,0.016803665967163994,0.032036613272311214,0.07391304347826087,1124.0,0.0,1124,1124,0.6,1.3416407864998738,0.0,3.0
SKAB,AUTOMATA,AUTOMATA,fold_2,noise,0.1,0.6229537366548044,0.0020287818951941917,0.6209964412811388,0.6254448398576512,0.3570649350649351,0.024607493918668934,0.3181818181818182,0.38636363636363635,0.030917874396135265,0.010856137707364365,0.016908212560386472,0.04106280193236715,0.05660132936502151,0.018805444176877514,0.03211009174311927,0.07423580786026202,1124.0,0.0,1124,1124,0.6,1.3416407864998738,0.0,3.0
SKAB,AUTOMATA,AUTOMATA,fold_2,noise,0.2,0.6225978647686833,0.0023028788444029516,0.6201067615658363,0.6254448398576512,0.3589376250227314,0.01443820962826376,0.34615384615384615,0.3829787234042553,0.03188405797101449,0.009870925962175144,0.021739130434782608,0.043478260869565216,0.058278651902758515,0.016845379327462905,0.04090909090909091,0.07809110629067245,1124.0,0.0,1124,1124,0.8,1.3038404810405297,0.0,3.0
SKAB,AUTOMATA,AUTOMATA,fold_2,original,0.0,0.6211743772241993,0.0029774378168472893,0.6174377224199288,0.6245551601423488,0.33785757720540327,0.03253294784069763,0.30434782608695654,0.38461538461538464,0.030917874396135265,0.011759093183225204,0.016908212560386472,0.04830917874396135,0.05630529711356721,0.020047366278884943,0.032036613272311214,0.08583690987124463,1124.0,0.0,1124,1124,0.6,1.3416407864998738,0.0,3.0
SKAB,AUTOMATA,AUTOMATA,fold_3,noise,0.05,0.6049515385037147,0.004576264818754607,0.5981900452488688,0.6101083032490975,0.3043676900584795,0.04688177524483013,0.2631578947368421,0.375,0.03987894160373552,0.011328912785731218,0.024096385542168676,0.05060240963855422,0.0703054516212627,0.018899764417361513,0.04415011037527594,0.08860759493670886,1106.2,2.167948338867884,1104,1109,2.4,1.51657508881031,1.0,4.0
SKAB,AUTOMATA,AUTOMATA,fold_3,noise,0.1,0.6065747827650705,0.00607012886416759,0.5981900452488688,0.6128158844765343,0.32359744054097855,0.05592330198769052,0.26229508196721313,0.4067796610169492,0.042267827290021334,0.011503902231755311,0.02650602409638554,0.05741626794258373,0.07454667781247289,0.019314698467493355,0.04856512141280353,0.10062893081761007,1106.2,2.167948338867884,1104,1109,3.0,2.5495097567963922,1.0,7.0
SKAB,AUTOMATA,AUTOMATA,fold_3,noise,0.2,0.6015176831079873,0.0036439153810037235,0.5978260869565217,0.6072398190045248,0.2878218344430784,0.016264288596530778,0.2682926829268293,0.3064516129032258,0.04084971464806595,0.010369490320365547,0.02650602409638554,0.05060240963855422,0.07127126789651425,0.016512403690355268,0.04824561403508772,0.0865979381443299,1106.2,2.167948338867884,1104,1109,4.6,3.3615472627943226,1.0,10.0
SKAB,AUTOMATA,AUTOMATA,fold_3,original,0.0,0.604589054536907,0.005231912635141362,0.5990950226244344,0.6110108303249098,0.29509026829629387,0.046912481192033555,0.26666666666666666,0.37735849056603776,0.03699429296131897,0.009513142155551798,0.024096385542168676,0.04784688995215311,0.0655615176427998,0.016016611730169227,0.04424778761061947,0.08492569002123142,1106.2,2.167948338867884,1104,1109,2.4,1.51657508881031,1.0,4.0
SKAB,AUTOMATA,AUTOMATA,fold_4,noise,0.05,0.6171977367334831,0.022909633279233746,0.5869373345101501,0.6383731211317418,0.403854829900635,0.047071023458094045,0.36363636363636365,0.47,0.13778854052954645,0.07616904788217048,0.06965174129353234,0.2524752475247525,0.19477046186093322,0.07702041537263132,0.11691022964509394,0.30357142857142855,1131.6,1.3416407864998834,1130,1133,65.0,83.96427811873333,0.0,203.0
SKAB,AUTOMATA,AUTOMATA,fold_4,noise,0.1,0.6171980497151814,0.022637739944644745,0.587819947043248,0.6383731211317418,0.4051436930578413,0.04353204661980923,0.36363636363636365,0.47,0.13977612123643385,0.07547793370780281,0.07462686567164178,0.25742574257425743,0.19747708876777612,0.07468899480994337,0.12474012474012475,0.30814814814814817,1131.6,1.3416407864998834,1130,1133,67.4,84.20985690523408,0.0,205.0
SKAB,AUTOMATA,AUTOMATA,fold_4,noise,0.2,0.6159647362166835,0.026588084704291175,0.5772285966460724,0.6383731211317418,0.4101771952985909,0.04349408972624865,0.3641304347826087,0.47413793103448276,0.15118317950086924,0.0855556828256132,0.07444168734491315,0.2896039603960396,0.20839245231341863,0.07936881186171084,0.12578616352201258,0.3281907433380084,1131.6,1.3416407864998834,1130,1133,76.6,98.83976932389109,0.0,243.0
SKAB,AUTOMATA,AUTOMATA,fold_4,original,0.0,0.6154290763271272,0.021558114079516216,0.589585172109444,0.636604774535809,0.39456098980564586,0.047132916626954985,0.34177215189873417,0.4444444444444444,0.13679597858678502,0.07614610464316848,0.06716417910447761,0.2524752475247525,0.19298777600668177,0.07755689087367161,0.11226611226611227,0.30493273542600896,1131.6,1.3416407864998834,1130,1133,66.2,81.57634461043226,0.0,199.0
SKAB,DEEP,CNN,fold_0,noise,0.05,0.7055110639062824,0.0402101675176731,0.6439884006245817,0.7528415422331179,0.5644732709949603,0.32208260519437504,0.0,0.7683863885839737,0.3052066376002573,0.1819253737257359,0.0,0.4380475594493116,0.3922153966322731,0.22631890083553757,0.0,0.5579912315663611,4481.0,4.898979485566368,4475,4487,,,,
SKAB,DEEP,CNN,fold_0,noise,0.1,0.704976404614751,0.03940004675394028,0.6439884006245817,0.7499442834856251,0.5607528326962699,0.31958215621692876,0.0,0.766497461928934,0.30783932179896406,0.18320525677944807,0.0,0.44180225281602004,0.3934453611332687,0.2265876887879887,0.0,0.5572217837411207,4481.0,4.898979485566368,4475,4487,,,,
SKAB,DEEP,CNN,fold_0,noise,0.2,0.7006037728312098,0.03906467454558921,0.6439884006245817,0.7461555605081346,0.5427786392711765,0.311325896275657,0.0,0.7564935064935064,0.3158608032620927,0.1877735379099255,0.0,0.45807259073842305,0.3948650791024829,0.22716984787099126,0.0,0.5624279677295428,4481.0,4.898979485566368,4475,4487,,,,
SKAB,DEEP,CNN,fold_0,original,0.0,0.7060908550148625,0.04143867778234661,0.6439884006245817,0.756407399153109,0.5662946988878598,0.3240473763172178,0.0,0.7783902976846747,0.3057093897045351,0.18203921194437253,0.0,0.44180225281602004,0.39322919794610856,0.22702536472347673,0.0,0.5636726546906188,4481.0,4.898979485566368,4475,4487,,,,
SKAB,DEEP,CNN,fold_1,noise,0.05,0.6853190827905207,0.017555021159846942,0.661827116372571,0.7038521487419283,0.6724394883266276,0.18658081011341457,0.5322061191626409,1.0,0.3307188343213182,0.13349335573868068,0.12445278298936835,0.4509681449094316,0.4123064213896358,0.11984653793730601,0.22135706340378197,0.5205479452054794,4482.2,6.418722614352435,4477,4491,,,,
SKAB,DEEP,CNN,fold_1,noise,0.1,0.6844705598685155,0.017832911254325706,0.660040205494751,0.7047428189712759,0.6711129839864046,0.1873937681559508,0.5288461538461539,1.0,0.3299675827565006,0.1346467806983825,0.1207004377736085,0.4522173641474079,0.41072680409903095,0.12170202057663403,0.21540178571428573,0.5219899062725306,4482.2,6.418722614352435,4477,4491,,,,
SKAB,DEEP,CNN,fold_1,noise,0.2,0.6830872175783959,0.017518575312762175,0.656913111458566,0.7038521487419283,0.6682923412307972,0.18894248231096183,0.5233118971061094,1.0,0.3307217382267329,0.13485610278378843,0.11757348342714197,0.4522173641474079,0.4100044584295771,0.12224157500071973,0.21040850587576945,0.5212383009359252,4482.2,6.418722614352435,4477,4491,,,,
SKAB,DEEP,CNN,fold_1,original,0.0,0.6855420879481221,0.018202344822375465,0.6613803886531159,0.7038521487419283,0.6728428693252079,0.18663780207705924,0.5314009661835749,1.0,0.33071789231037874,0.13326975835750135,0.12570356472795496,0.4509681449094316,0.41259738397053924,0.11949884117516073,0.22333333333333333,0.5205479452054794,4482.2,6.418722614352435,4477,4491,,,,
SKAB,DEEP,CNN,fold_2,noise,0.05,0.6227960819234194,0.00784013650477784,0.6182101513802315,0.6366874443455031,0.4579499350958125,0.03663734534023793,0.4339622641509434,0.5225375626043406,0.13164556962025314,0.034190023039914884,0.10789632308619651,0.188667872212176,0.20361559413967617,0.04397439373924648,0.17378640776699028,0.27723649247121346,4492.0,0.0,4492,4492,,,,
SKAB,DEEP,CNN,fold_2,noise,0.1,0.6225289403383794,0.006869848260478952,0.6184327693677649,0.6346838824577026,0.4575309147809774,0.032599510799332175,0.43559718969555034,0.5152027027027027,0.13152501506931885,0.03162805566043032,0.10729355033152502,0.1838456901748041,0.2035121925025635,0.040588194795777,0.1729834791059281,0.270990670812972,4492.0,0.0,4492,4492,,,,
SKAB,DEEP,CNN,fold_2,noise,0.2,0.6214158504007123,0.006546634470423134,0.6157613535173642,0.6326803205699021,0.45268207092397644,0.0322635423325444,0.42369020501138954,0.507563025210084,0.13116335141651597,0.03083758549571217,0.10548523206751055,0.18203737191078964,0.2026447984125228,0.03958195681930418,0.170316301703163,0.26796805678793256,4492.0,0.0,4492,4492,,,,
SKAB,DEEP,CNN,fold_2,original,0.0,0.6234194122885129,0.007439572065611866,0.6193232413178985,0.6366874443455031,0.4611335776632056,0.03483006571126549,0.43914081145584727,0.5228426395939086,0.13200723327305605,0.03288289740080978,0.10729355033152502,0.18625678119349007,0.20442231965136312,0.04238428104209734,0.17281553398058253,0.27466666666666667,4492.0,0.0,4492,4492,,,,
SKAB,DEEP,CNN,fold_3,noise,0.05,0.6655759560438728,0.022188632208229725,0.6456728590847304,0.6900135562584727,0.6532417765029385,0.06616489708970265,0.5813953488372093,0.7556719022687609,0.24301424910445274,0.10137580822283021,0.11211573236889692,0.39300783604581074,0.3438544622839474,0.10786817929372614,0.1921487603305785,0.4874766355140187,4419.6,8.87693640846892,4412,4432,,,,
SKAB,DEEP,CNN,fold_3,noise,0.1,0.6643979052462365,0.022827074306710472,0.6443789664551224,0.689170820117807,0.6476866845464102,0.06818209897953155,0.5627644569816643,0.7453310696095077,0.2444575739457567,0.1024097471620764,0.11271850512356842,0.3960216998191682,0.3442709369247833,0.10834487128657809,0.19318181818181818,0.4892032762472077,4419.6,8.87693640846892,4412,4432,,,,
SKAB,DEEP,CNN,fold_3,noise,0.2,0.6608658202904388,0.024659551585325876,0.6339528558476881,0.6878115088355233,0.6276594255694133,0.06710425249944078,0.5268414481897628,0.7065868263473054,0.25095485582835864,0.10239592020311446,0.11392405063291139,0.3936106088004822,0.34799604279271323,0.10885886505637801,0.19434447300771207,0.48658718330849476,4419.6,8.87693640846892,4412,4432,,,,
SKAB,DEEP,CNN,fold_3,original,0.0,0.6665733580934614,0.021845284816575033,0.645899410965111,0.6906913691821057,0.6593043995950811,0.06777036105827591,0.5967503692762186,0.7681159420289855,0.24205531436600475,0.10147406450530069,0.11151295961422544,0.39300783604581074,0.3435653895478156,0.10794938913331792,0.19141231246766685,0.4878413767302656,4419.6,8.87693640846892,4412,4432,,,,
SKAB,DEEP,CNN,fold_4,noise,0.05,0.6509271101257746,0.01444852281861667,0.6430307046609234,0.6764770967028103,0.5075268817204301,0.4783073210793252,0.0,1.0,0.02245327047323086,0.040075769095432756,0.0,0.09305210918114144,0.04160799295771447,0.07320508634597712,0.0,0.170261066969353,4522.2,4.604345773288565,4517,4527,,,,
SKAB,DEEP,CNN,fold_4,noise,0.1,0.6510597265624897,0.014568210693908205,0.6430307046609234,0.6769196724939146,0.7143790849673202,0.4134832898018526,0.0,1.0,0.023196843052621686,0.040311313567360625,0.0,0.09429280397022333,0.042995713111479525,0.07349684794248366,0.0,0.17233560090702948,4522.2,4.604345773288565,4517,4527,,,,
SKAB,DEEP,CNN,fold_4,noise,0.2,0.6511927538053974,0.014854170871336768,0.6419262204550475,0.6775835361805709,0.7844444444444444,0.34007987442313364,0.2222222222222222,1.0,0.024808826019051003,0.04036064399773822,0.0012376237623762376,0.09615384615384616,0.04605520125022329,0.0733226250709793,0.0024615384615384616,0.17543859649122806,4522.2,4.604345773288565,4517,4527,,,,
SKAB,DEEP,CNN,fold_4,original,0.0,0.6507503926528344,0.014567407365628992,0.642588910978573,0.6764770967028103,0.4459770114942529,0.4796974648825766,0.0,1.0,0.02208175316030924,0.04025553018763488,0.0,0.09305210918114144,0.04087917098521134,0.07355658668803285,0.0,0.170261066969353,4522.2,4.604345773288565,4517,4527,,,,
SKAB,DEEP,GRU,fold_0,noise,0.05,0.6673469742600115,0.03218522002309819,0.6390809725630159,0.7120570537107198,0.46926718324964833,0.28004291657612,0.0,0.7390300230946882,0.3426406016916161,0.23562247112904325,0.0,0.5494367959949937,0.37458420193687125,0.23046931321432124,0.0,0.5761154855643045,4481.0,4.898979485566368,4475,4487,,,,
SKAB,DEEP,GRU,fold_0,noise,0.1,0.6666341216292448,0.03088600282972443,0.6381887129154584,0.7082683307332294,0.4676521774712392,0.27899210703307825,0.0,0.7384259259259259,0.3433913046646948,0.236739284005544,0.0,0.5538172715894869,0.37422567044225036,0.2303486107512974,0.0,0.5748619681714843,4481.0,4.898979485566368,4475,4487,,,,
SKAB,DEEP,GRU,fold_0,noise,0.2,0.6637380983380491,0.026828029655035963,0.6359580637965648,0.6926677067082684,0.4630479915278225,0.27758444790633136,0.0,0.7448275862068966,0.3460202980097522,0.23850073466987023,0.0,0.5657071339173968,0.373400153004224,0.2283349918334534,0.0,0.5673046752431754,4481.0,4.898979485566368,4475,4487,,,,
SKAB,DEEP,GRU,fold_0,original,0.0,0.668103942177338,0.03419780890466929,0.6393040374749052,0.7174058390907064,0.47056310009682195,0.28094287334270074,0.0,0.7384259259259259,0.3428889507146772,0.23634123471098106,0.0,0.5544430538172715,0.37525884174525814,0.23166378924057013,0.0,0.5828947368421052,4481.0,4.898979485566368,4475,4487,,,,
SKAB,DEEP,GRU,fold_1,noise,0.05,0.6954457882820948,0.02475997033402401,0.6707616707616708,0.7224826970305872,0.7013295944699468,0.17552683814041922,0.5509337860780985,1.0,0.32043822813616124,0.12843847626806656,0.1425891181988743,0.4278575890068707,0.4143559127849447,0.11948625819480832,0.24958949096880131,0.5199240986717267,4482.2,6.418722614352435,4477,4491,,,,
SKAB,DEEP,GRU,fold_1,noise,0.1,0.695223538310916,0.024424605540404227,0.6689747598838508,0.7229292252734986,0.7011344979145948,0.17546891565884012,0.5473773265651438,1.0,0.32118822852494155,0.12882968013240326,0.1432145090681676,0.43035602748282326,0.4146470058561662,0.1189141929690873,0.25054704595185995,0.5196078431372549,4482.2,6.418722614352435,4477,4491,,,,
SKAB,DEEP,GRU,fold_1,noise,0.2,0.6934402279022205,0.02538167562782657,0.6651775742684833,0.725385130609511,0.6960433411709706,0.17891962336415534,0.5397489539748954,1.0,0.32181597039006754,0.1303743893844108,0.14196372732958099,0.4297314178638351,0.4134073631234017,0.11980980682245547,0.24863088718510407,0.5146014206787688,4482.2,6.418722614352435,4477,4491,,,,
SKAB,DEEP,GRU,fold_1,original,0.0,0.6962046683458059,0.023904647637353872,0.6723252177797633,0.7218129046662202,0.7041538143122109,0.17388059749216828,0.5538592027141646,1.0,0.320066598546611,0.12560839872672708,0.1438398999374609,0.42223610243597753,0.415204946017192,0.11674786315665962,0.25150355385456535,0.5172149961744453,4482.2,6.418722614352435,4477,4491,,,,
SKAB,DEEP,GRU,fold_2,noise,0.05,0.6221282279608192,0.004896583721234582,0.6166518254674977,0.6280053428317008,0.4538696341460729,0.023788113291194308,0.42105263157894735,0.4785714285714286,0.11211573236889691,0.031169821516209513,0.0807715491259795,0.14707655213984328,0.17805826992640125,0.04014428143914814,0.13821557503867973,0.22467771639042358,4492.0,0.0,4492,4492,,,,
SKAB,DEEP,GRU,fold_2,noise,0.1,0.6214158504007123,0.004338481327402968,0.616206589492431,0.6260017809439002,0.4494699665285526,0.021238232087618394,0.4181360201511335,0.47398843930635837,0.11271850512356843,0.031376044454828014,0.08016877637130802,0.14828209764918626,0.1785919783857788,0.040503146495808516,0.1366906474820144,0.22589531680440772,4492.0,0.0,4492,4492,,,,
SKAB,DEEP,GRU,fold_2,noise,0.2,0.622172751558326,0.005795341001758634,0.6146482635796973,0.6291184327693677,0.45355266500091174,0.030201543387332122,0.4090909090909091,0.49343339587242024,0.11766124171187461,0.03365664139646132,0.08197709463532249,0.15852923447860157,0.18525240377429508,0.04371034110085427,0.1390593047034765,0.23996350364963503,4492.0,0.0,4492,4492,,,,
SKAB,DEEP,GRU,fold_2,original,0.0,0.6226625111308994,0.005069144050193999,0.6177649154051648,0.6295636687444346,0.4569897608201071,0.026216446766029296,0.4263959390862944,0.49097472924187724,0.11211573236889691,0.031701491964568305,0.08197709463532249,0.14828209764918626,0.17819986665691195,0.04076098516091992,0.14049586776859505,0.22620689655172413,4492.0,0.0,4492,4492,,,,
SKAB,DEEP,GRU,fold_3,noise,0.05,0.6589343988238907,0.0218310567565674,0.6371260199456029,0.6921159945627549,0.6154322506664845,0.05731278608972945,0.5412445730824892,0.6724137931034483,0.24601734117715832,0.06554831880007535,0.17721518987341772,0.352622061482821,0.34842869737983934,0.07075039976733648,0.2782773308092759,0.4626334519572954,4419.6,8.87693640846892,4412,4432,,,,
SKAB,DEEP,GRU,fold_3,noise,0.1,0.6581198756079476,0.02175236005272552,0.636672710788758,0.6912097870412325,0.6122086097570788,0.05630775621813598,0.5399129172714079,0.6678004535147393,0.24553562802596307,0.06747169729362977,0.17420132610006028,0.3550331525015069,0.34719646825276396,0.07240217646490742,0.27419354838709675,0.4635970090515545,4419.6,8.87693640846892,4412,4432,,,,
SKAB,DEEP,GRU,fold_3,noise,0.2,0.6578021505187419,0.02312590532120826,0.635312783318223,0.6937018577254191,0.6094186375246846,0.05670735900150366,0.5353535353535354,0.6722783389450057,0.24601538766547218,0.07127015414320655,0.16877637130801687,0.36106088004822184,0.3470659262740834,0.07691377447727521,0.2661596958174905,0.46980392156862744,4419.6,8.87693640846892,4412,4432,,,,
SKAB,DEEP,GRU,fold_3,original,0.0,0.6593870121366205,0.022090712079074256,0.6378059836808704,0.6934753058450385,0.6174379275570095,0.05794727980040855,0.5429799426934098,0.6795774647887324,0.24565625946592234,0.0639354328602459,0.17661241711874623,0.34900542495479203,0.3485867424535664,0.06989996874101972,0.277330809275911,0.46117084826762245,4419.6,8.87693640846892,4412,4432,,,,
SKAB,DEEP,GRU,fold_4,noise,0.05,0.6489824168587919,0.016358782846917382,0.6383918709962447,0.6780261119716752,0.32497096399535425,0.41127316929110064,0.0,1.0,0.02170663096086284,0.04240462145448704,0.0,0.09739454094292804,0.039869079209924094,0.07713664819744988,0.0,0.17750141322781232,4522.2,4.604345773288565,4517,4527,,,,
SKAB,DEEP,GRU,fold_4,noise,0.1,0.6485403885438153,0.01631208598402068,0.6370664899491937,0.6773622482850188,0.3209090909090909,0.40999395278749423,0.0,1.0,0.021705709652851145,0.04142697678710755,0.0,0.09553349875930521,0.03994386529995858,0.07548791685690596,0.0,0.17440543601359004,4522.2,4.604345773288565,4517,4527,,,,
SKAB,DEEP,GRU,fold_4,noise,0.2,0.6475244782841778,0.017333664925351138,0.6313231720786393,0.6771409603894667,0.5321739130434783,0.44992753039650246,0.0,1.0,0.024305564801042533,0.04017829888756067,0.0,0.09491315136476426,0.04477766595636467,0.07322851779041196,0.0,0.173371104815864,4522.2,4.604345773288565,4517,4527,,,,
SKAB,DEEP,GRU,fold_4,original,0.0,0.649380187594658,0.016335070117021837,0.6394963552021206,0.6784686877627794,0.34485125858123566,0.4117702569240828,0.0,1.0,0.022326057047392087,0.04278221806832351,0.0,0.09863523573200993,0.041012644334582044,0.07771305552149238,0.0,0.1795595708639187,4522.2,4.604345773288565,4517,4527,,,,
SKAB,DEEP,LSTM,fold_0,noise,0.05,0.6851850411334468,0.04088170070915708,0.6439884006245817,0.7356808558056608,0.5413589901274966,0.32159683770165454,0.0,0.7917847025495751,0.28779806109386846,0.20121289023277836,0.0,0.527306967984934,0.3560347024221969,0.21681433234318231,0.0,0.5140758873929009,4481.0,4.898979485566368,4475,4487,,,,
SKAB,DEEP,LSTM,fold_0,noise,0.1,0.6853193186267198,0.04078734344387371,0.6439884006245817,0.7354579897481613,0.5420334314640136,0.3222053467885994,0.0,0.7923186344238976,0.288551985888168,0.20131533593441064,0.0,0.5285624607658506,0.3567709547903298,0.21661857969412573,0.0,0.5146699266503667,4481.0,4.898979485566368,4475,4487,,,,
SKAB,DEEP,LSTM,fold_0,noise,0.2,0.684338430963288,0.03900513845074322,0.6439884006245817,0.7356808558056608,0.5389704632492991,0.32056950699676806,0.0,0.7951289398280802,0.2870479104499829,0.2008393704991786,0.0,0.5285624607658506,0.3547267752599851,0.2155586646160964,0.0,0.5165644171779141,4481.0,4.898979485566368,4475,4487,,,,
SKAB,DEEP,LSTM,fold_0,original,0.0,0.6855867370233678,0.040688945386000194,0.6439884006245817,0.7352351236906619,0.5414683065964759,0.3209260144621188,0.0,0.7879213483146067,0.287670702715609,0.20146401193537214,0.0,0.5260514752040176,0.35610936532903825,0.21763008824353647,0.0,0.5145839729812711,4481.0,4.898979485566368,4475,4487,,,,
SKAB,DEEP,LSTM,fold_1,noise,0.05,0.6972291558065387,0.01988971903107685,0.6709850346213982,0.7165441995101314,0.6888591724530433,0.09310895626525095,0.5765352887259395,0.8029661016949152,0.29423109582447404,0.08126427955148748,0.2013801756587202,0.3946047678795483,0.4038556622990942,0.07192344286331318,0.30354609929078014,0.4746182418489476,4482.2,6.418722614352435,4477,4491,,,,
SKAB,DEEP,LSTM,fold_1,noise,0.1,0.6979882741227947,0.019449105792116988,0.6736654009381282,0.7165441995101314,0.691750569503593,0.09271800481607081,0.5752293577981651,0.8025210084033614,0.29598274453524914,0.08023220452953235,0.205771643663739,0.3933500627352572,0.4060134934735566,0.06991073375190364,0.30987246102975907,0.4776364382437423,4482.2,6.418722614352435,4477,4491,,,,
SKAB,DEEP,LSTM,fold_1,noise,0.2,0.698791229044849,0.02002705383830455,0.6747822202367657,0.7169895346248052,0.6962653458177978,0.09815365152162485,0.5730027548209367,0.8053830227743272,0.2971067278863224,0.07856930701989646,0.21141781681304894,0.39146800501882056,0.4078392461123621,0.06730431600257411,0.3164319248826291,0.48058847568451163,4482.2,6.418722614352435,4477,4491,,,,
SKAB,DEEP,LSTM,fold_1,original,0.0,0.6981216563348561,0.01912106893890619,0.6721018539200357,0.7176575372968158,0.6929209597890937,0.09223223026353625,0.5828729281767956,0.8098290598290598,0.29373501433266974,0.07992222603602243,0.2051442910915935,0.3971141781681305,0.40432735998109487,0.07029290274458731,0.3081998114985862,0.47238805970149256,4482.2,6.418722614352435,4477,4491,,,,
SKAB,DEEP,LSTM,fold_2,noise,0.05,0.6239982190560998,0.004410421361567038,0.6182101513802315,0.6293410507569012,0.4570716248912065,0.023483308821715874,0.4290657439446367,0.4879032258064516,0.0919831223628692,0.03225988875783051,0.07293550331525014,0.14888487040385776,0.1510428408579893,0.041380317133403656,0.12690089145254327,0.22363060208239022,4492.0,0.0,4492,4492,,,,
SKAB,DEEP,LSTM,fold_2,noise,0.1,0.6235084594835263,0.004183796958444691,0.6177649154051648,0.6282279608192342,0.45368569311956763,0.020612273790055927,0.4270833333333333,0.47808764940239046,0.0921036769138035,0.03222833763479684,0.07233273056057866,0.14888487040385776,0.1510521738186587,0.04132237408833675,0.1256544502617801,0.2234283129805518,4492.0,0.0,4492,4492,,,,
SKAB,DEEP,LSTM,fold_2,noise,0.2,0.6229741763134461,0.004133746888133614,0.6182101513802315,0.6288958147818343,0.44959865069843963,0.024131487062416062,0.4154929577464789,0.483739837398374,0.09138034960819771,0.032967316646596044,0.07112718505123568,0.14948764315852922,0.149784456450417,0.042497229040574645,0.12146165723108594,0.22433288104929897,4492.0,0.0,4492,4492,,,,
SKAB,DEEP,LSTM,fold_2,original,0.0,0.6240427426536064,0.004946429413825372,0.6184327693677649,0.6308993766696349,0.45775897609070226,0.03025314037185052,0.4280821917808219,0.5020242914979757,0.09210367691380349,0.03244743150789687,0.07474382157926461,0.14948764315852922,0.15122104068478406,0.04161307544869101,0.12757201646090535,0.2244343891402715,4492.0,0.0,4492,4492,,,,
SKAB,DEEP,LSTM,fold_3,noise,0.05,0.6635053021414636,0.012077263102590748,0.6575249320036265,0.6850928862709561,0.6469459018040915,0.04289876347571395,0.6062767475035663,0.7168141592920354,0.24678606487369711,0.10625250072035575,0.146562123039807,0.42374924653405666,0.3452125574573515,0.09740775934424427,0.24336504757135705,0.5028612303290415,4419.6,8.87693640846892,4412,4432,,,,
SKAB,DEEP,LSTM,fold_3,noise,0.1,0.6640042281546877,0.012552591730582199,0.657942238267148,0.6864521975532397,0.6493582442059539,0.04592347033519717,0.6094420600858369,0.7267267267267268,0.24714722372891013,0.10716526851512313,0.14595898673100122,0.4255575647980711,0.3457318061821543,0.09843538366543182,0.2430939226519337,0.5050071530758226,4419.6,8.87693640846892,4412,4432,,,,
SKAB,DEEP,LSTM,fold_3,noise,0.2,0.6640500089926749,0.013707200044911572,0.656844968268359,0.6884911644766651,0.6478233086355181,0.040703768512728174,0.6126255380200861,0.7168674698795181,0.24738977971072798,0.11026020713177256,0.14354644149577805,0.4309825195901145,0.34549450314581237,0.10175279582952762,0.23919597989949748,0.5098039215686274,4419.6,8.87693640846892,4412,4432,,,,
SKAB,DEEP,LSTM,fold_3,original,0.0,0.663640333198942,0.012031398429759334,0.6570004531037608,0.6850928862709561,0.6483109085013965,0.0443269746053598,0.6037195994277539,0.7189349112426036,0.24630362828252722,0.10565373942162538,0.146562123039807,0.42254370102471367,0.3449426501313367,0.09687646686575042,0.24348697394789579,0.5021489971346705,4419.6,8.87693640846892,4412,4432,,,,
SKAB,DEEP,LSTM,fold_4,noise,0.05,0.6541584612921503,0.023869438300191784,0.6428098078197482,0.6968355830936048,0.3742331288343558,0.5144602525947639,0.0,1.0,0.03610367993305017,0.07832683938675343,0.0,0.1761786600496278,0.060345526124679895,0.13015949107940025,0.0,0.2930856553147575,4522.2,4.604345773288565,4517,4527,,,,
SKAB,DEEP,LSTM,fold_4,noise,0.1,0.6543351982399617,0.023529987166014114,0.6430307046609234,0.6963930073025005,0.5727272727272728,0.5257815905789547,0.0,1.0,0.03684725184577273,0.07827716188408108,0.0,0.17679900744416874,0.06166137804997901,0.12970788247141707,0.0,0.29351184346035014,4522.2,4.604345773288565,4517,4527,,,,
SKAB,DEEP,LSTM,fold_4,noise,0.2,0.6544233222400089,0.02275574768860857,0.6430307046609234,0.6950652799291879,0.5478376580172988,0.5031157994830153,0.0,1.0,0.03796218723449327,0.07737160649139674,0.0,0.1761786600496278,0.06377978398779395,0.12776419657230073,0.0,0.2918807810894142,4522.2,4.604345773288565,4517,4527,,,,
SKAB,DEEP,LSTM,fold_4,original,0.0,0.6539815875012562,0.02408444103295053,0.642588910978573,0.6970568709891569,0.3752321981424148,0.5156699693194333,0.0,1.0,0.03548364021235649,0.07830826379378292,0.0,0.17555831265508684,0.05924386624708983,0.13040766473368984,0.0,0.2925064599483204,4522.2,4.604345773288565,4517,4527,,,,
