dataset,split,window_size,alphabet_size,accuracy_mean,accuracy_std,accuracy_min,accuracy_max,precision_mean,precision_std,precision_min,precision_max,recall_mean,recall_std,recall_min,recall_max,f1_score_mean,f1_score_std,f1_score_min,f1_score_max,state_count_mean,state_count_std,state_count_min,state_count_max,transition_count_mean,transition_count_std,transition_count_min,transition_count_max,transition_sources_mean,transition_sources_std,transition_sources_min,transition_sources_max,transition_density_mean,transition_density_std,transition_density_min,transition_density_max,unseen_examples_mean,unseen_examples_std,unseen_examples_min,unseen_examples_max
BATADAL,test,3,3,0.8483754512635379,0.0,0.8483754512635379,0.8483754512635379,0.2916666666666667,0.0,0.2916666666666667,0.2916666666666667,0.21875,0.0,0.21875,0.21875,0.25,0.0,0.25,0.25,26.0,0.0,26,26,71.0,0.0,71,71,26.0,0.0,26,26,0.10502958579881656,0.0,0.10502958579881656,0.10502958579881656,1.0,0.0,1,1
BATADAL,test,3,4,0.7328519855595668,0.0,0.7328519855595668,0.7328519855595668,0.125,0.0,0.125,0.125,0.21875,0.0,0.21875,0.21875,0.1590909090909091,0.0,0.1590909090909091,0.1590909090909091,59.0,0.0,59,59,174.0,0.0,174,174,59.0,0.0,59,59,0.04998563631140477,0.0,0.04998563631140477,0.04998563631140477,3.0,0.0,3,3
BATADAL,test,3,5,0.5992779783393501,0.0,0.5992779783393501,0.5992779783393501,0.11650485436893203,0.0,0.11650485436893204,0.11650485436893204,0.375,0.0,0.375,0.375,0.17777777777777778,0.0,0.17777777777777778,0.17777777777777778,112.0,0.0,112,112,306.0,0.0,306,306,112.0,0.0,112,112,0.024394132653061226,0.0,0.024394132653061226,0.024394132653061226,4.0,0.0,4,4
BATADAL,test,3,6,0.5595667870036101,0.0,0.5595667870036101,0.5595667870036101,0.11206896551724137,0.0,0.11206896551724138,0.11206896551724138,0.40625,0.0,0.40625,0.40625,0.17567567567567569,0.0,0.17567567567567569,0.17567567567567569,178.0,0.0,178,178,465.0,0.0,465,465,178.0,0.0,178,178,0.014676177250347177,0.0,0.014676177250347179,0.014676177250347179,8.0,0.0,8,8
BATADAL,test,4,3,0.7281553398058253,0.0,0.7281553398058253,0.7281553398058253,0.22000000000000003,0.0,0.22,0.22,0.39285714285714285,0.0,0.39285714285714285,0.39285714285714285,0.28205128205128205,0.0,0.28205128205128205,0.28205128205128205,76.0,0.0,76,76,151.0,0.0,151,151,76.0,0.0,76,76,0.02614265927977839,0.0,0.026142659279778394,0.026142659279778394,9.0,0.0,9,9
BATADAL,test,4,4,0.5825242718446602,0.0,0.5825242718446602,0.5825242718446602,0.19791666666666666,0.0,0.19791666666666666,0.19791666666666666,0.6785714285714286,0.0,0.6785714285714286,0.6785714285714286,0.3064516129032258,0.0,0.3064516129032258,0.3064516129032258,175.0,0.0,175,175,292.0,0.0,292,292,175.0,0.0,175,175,0.00953469387755102,0.0,0.00953469387755102,0.00953469387755102,46.0,0.0,46,46
BATADAL,test,4,5,0.43203883495145623,0.0,0.4320388349514563,0.4320388349514563,0.144,0.0,0.144,0.144,0.6428571428571429,0.0,0.6428571428571429,0.6428571428571429,0.23529411764705882,0.0,0.23529411764705882,0.23529411764705882,258.0,0.0,258,258,390.0,0.0,390,390,258.0,0.0,258,258,0.005859022895258698,0.0,0.005859022895258698,0.005859022895258698,87.0,0.0,87,87
BATADAL,test,4,6,0.3592233009708738,0.0,0.3592233009708738,0.3592233009708738,0.15333333333333332,0.0,0.15333333333333332,0.15333333333333332,0.8214285714285714,0.0,0.8214285714285714,0.8214285714285714,0.25842696629213485,0.0,0.25842696629213485,0.25842696629213485,340.0,0.0,340,340,458.0,0.0,458,458,340.0,0.0,340,340,0.003961937716262976,0.0,0.003961937716262976,0.003961937716262976,110.0,0.0,110,110
BATADAL,test,5,3,0.5792682926829268,0.0,0.5792682926829268,0.5792682926829268,0.041666666666666664,0.0,0.041666666666666664,0.041666666666666664,0.08,0.0,0.08,0.08,0.0547945205479452,0.0,0.0547945205479452,0.0547945205479452,166.0,0.0,166,166,254.0,0.0,254,254,166.0,0.0,166,166,0.009217593264624764,0.0,0.009217593264624764,0.009217593264624764,22.0,0.0,22,22
BATADAL,test,5,4,0.5060975609756098,0.0,0.5060975609756098,0.5060975609756098,0.18888888888888888,0.0,0.18888888888888888,0.18888888888888888,0.68,0.0,0.68,0.68,0.2956521739130435,0.0,0.2956521739130435,0.2956521739130435,298.0,0.0,298,298,375.0,0.0,375,375,298.0,0.0,298,298,0.004222782757533444,0.0,0.004222782757533444,0.004222782757533444,56.0,0.0,56,56
BATADAL,test,5,5,0.25,0.0,0.25,0.25,0.15,0.0,0.15,0.15,0.8400000000000001,0.0,0.84,0.84,0.2545454545454545,0.0,0.2545454545454545,0.2545454545454545,368.0,0.0,368,368,426.0,0.0,426,426,367.0,0.0,367,367,0.003145675803402646,0.0,0.0031456758034026466,0.0031456758034026466,131.0,0.0,131,131
BATADAL,test,5,6,0.21951219512195125,0.0,0.21951219512195122,0.21951219512195122,0.15894039735099338,0.0,0.15894039735099338,0.15894039735099338,0.96,0.0,0.96,0.96,0.2727272727272727,0.0,0.2727272727272727,0.2727272727272727,421.0,0.0,421,421,459.0,0.0,459,459,421.0,0.0,421,421,0.0025896942581005522,0.0,0.0025896942581005522,0.0025896942581005522,143.0,0.0,143,143
BATADAL,test,6,3,0.5111111111111111,0.0,0.5111111111111111,0.5111111111111111,0.25301204819277107,0.0,0.25301204819277107,0.25301204819277107,0.8400000000000001,0.0,0.84,0.84,0.3888888888888889,0.0,0.3888888888888889,0.3888888888888889,206.0,0.0,206,206,267.0,0.0,267,267,206.0,0.0,206,206,0.006291827693467809,0.0,0.00629182769346781,0.00629182769346781,66.0,0.0,66,66
BATADAL,test,6,4,0.26666666666666666,0.0,0.26666666666666666,0.26666666666666666,0.19672131147540983,0.0,0.19672131147540983,0.19672131147540983,0.96,0.0,0.96,0.96,0.32653061224489793,0.0,0.32653061224489793,0.32653061224489793,304.0,0.0,304,304,353.0,0.0,353,353,304.0,0.0,304,304,0.0038196849030470914,0.0,0.0038196849030470914,0.0038196849030470914,109.0,0.0,109,109
BATADAL,test,6,5,0.22222222222222224,0.0,0.2222222222222222,0.2222222222222222,0.19230769230769232,0.0,0.19230769230769232,0.19230769230769232,1.0,0.0,1.0,1.0,0.3225806451612903,0.0,0.3225806451612903,0.3225806451612903,342.0,0.0,342,342,374.0,0.0,374,374,341.0,0.0,341,341,0.003197565062754352,0.0,0.003197565062754352,0.003197565062754352,129.0,0.0,129,129
BATADAL,test,6,6,0.21481481481481485,0.0,0.21481481481481482,0.21481481481481482,0.19083969465648856,0.0,0.19083969465648856,0.19083969465648856,1.0,0.0,1.0,1.0,0.32051282051282054,0.0,0.32051282051282054,0.32051282051282054,378.0,0.0,378,378,395.0,0.0,395,395,377.0,0.0,377,377,0.002764480277707791,0.0,0.002764480277707791,0.002764480277707791,131.0,0.0,131,131
SKAB,fold_0,3,3,0.6208903080634143,0.005073869910965935,0.6143048128342246,0.6268357810413885,0.2128955296363118,0.06980810609796925,0.125,0.2826086956521739,0.03640520693034061,0.019897940373117227,0.011472275334608031,0.05950095969289827,0.06172978974061327,0.0319812803870615,0.021015761821366025,0.09702660406885759,20.6,0.5477225575051664,20,21,40.8,0.8366600265340757,40,42,20.6,0.5477225575051664,20,21,0.09623582766439909,0.0035587183397014694,0.09297052154195011,0.1,2.2,2.2803508501982757,0,5
SKAB,fold_0,3,4,0.6192925486743459,0.014646666104550031,0.5981308411214953,0.6347826086956522,0.2471795118372832,0.05049715357683805,0.2033898305084746,0.3333333333333333,0.04367244929041445,0.014821519419372457,0.022944550669216062,0.05927342256214149,0.07329563767895947,0.02193327944164354,0.041237113402061855,0.09337349397590361,34.2,2.9495762407505253,32,39,70.8,6.418722614352484,66,82,34.2,2.9495762407505253,32,39,0.060871348021151336,0.0052026119380826985,0.05391190006574622,0.06640625,4.4,2.073644135332772,2,7
SKAB,fold_0,3,5,0.6130054580132562,0.010471647445336733,0.6006688963210702,0.6250833889259506,0.1966445443320215,0.07692672437530337,0.11290322580645161,0.3069306930693069,0.03752601079700385,0.018156002790129334,0.01338432122370937,0.05927342256214149,0.06276776182802961,0.02953999911089394,0.023931623931623933,0.09935897435897435,49.8,2.7748873851023217,47,54,107.4,8.905054744357273,101,123,49.8,2.7748873851023217,47,54,0.043338870703379224,0.002069880003332879,0.040753556324490584,0.045722046174739704,7.8,4.266145801540309,4,14
SKAB,fold_0,3,6,0.6122052852381586,0.01322334240463757,0.6021361815754339,0.6324216144096064,0.24180924156675862,0.06454699182028746,0.1553398058252427,0.32926829268292684,0.050560218435645524,0.012089708918280944,0.030592734225621414,0.06309751434034416,0.08320406271470818,0.018855350298553984,0.051118210862619806,0.09969788519637462,69.2,8.87130204648675,60,81,155.4,24.90582261239327,132,195,69.2,8.87130204648675,60,81,0.032726546785333245,0.0037091478750639812,0.0282202216066482,0.03666666666666667,16.6,5.128352561983234,8,21
SKAB,fold_0,4,3,0.6179787120061333,0.005281512666903229,0.6122994652406417,0.6256684491978609,0.21215700267618195,0.04651353401110152,0.14,0.2631578947368421,0.028090408181257166,0.00980089321790779,0.017543859649122806,0.03768844221105527,0.049457311624734115,0.01652667228286274,0.031180400890868598,0.06593406593406594,38.0,2.73861278752583,36,41,72.8,3.8987177379235867,69,77,38.0,2.73861278752583,36,41,0.0507298345341177,0.004527757281044666,0.04580606781677573,0.05478395061728395,4.0,2.6457513110645907,1,8
SKAB,fold_0,4,4,0.6110225436001325,0.007679417633421281,0.5989304812834224,0.6178571428571429,0.24387443877853374,0.02487591594792175,0.2112676056338028,0.2714285714285714,0.044124249064873236,0.006472765504395023,0.03768844221105527,0.05263157894736842,0.0745216125357843,0.009436631270953438,0.06396588486140725,0.08536585365853659,62.6,4.722287581247037,57,68,119.8,5.495452665613635,111,126,62.6,4.722287581247037,57,68,0.03083995642586005,0.003420169973888684,0.026384083044982697,0.034164358264081256,9.2,5.215361924162119,3,17
SKAB,fold_0,4,5,0.6076298494383587,0.010787531670527378,0.5989304812834224,0.6233303650934996,0.26254609537728857,0.04897438755224401,0.2,0.31746031746031744,0.05567196886689084,0.010870773486251218,0.042606516290726815,0.07017543859649122,0.09149379239988262,0.016317869577462226,0.07024793388429752,0.11155378486055777,93.8,7.395944834840238,87,106,178.8,13.881642554107206,166,202,93.8,7.395944834840238,87,106,0.02042066215742469,0.001547292716371181,0.017977928088287645,0.021931562954155107,19.0,3.2403703492039297,15,24
SKAB,fold_0,4,6,0.5963973487881351,0.010127642989287701,0.5855614973262032,0.6073018699910953,0.17391248643998053,0.05912104564050323,0.0875,0.23684210526315788,0.03711044571227062,0.01861930920471014,0.017543859649122806,0.06766917293233082,0.06075751037233392,0.027974975690953797,0.029227557411273485,0.10526315789473684,138.0,15.132745950421555,121,159,266.2,27.344103569142657,237,305,138.0,15.132745950421555,121,159,0.01413280414050242,0.0016684211208188701,0.012064396186859698,0.016187418892152177,26.0,5.291502622129181,19,33
SKAB,fold_0,5,3,0.607185858617104,0.009755155202993745,0.5970982142857143,0.6194196428571429,0.1485146909827761,0.026411283339825568,0.10638297872340426,0.17647058823529413,0.017246033826810923,0.004643396344781225,0.012345679012345678,0.024615384615384615,0.030723698405352728,0.007583559694485676,0.022922636103151862,0.0425531914893617,70.8,1.3038404810405295,69,72,125.8,5.540758070878027,119,132,70.8,1.3038404810405295,69,72,0.025089004954649642,0.0005702108874647731,0.024285714285714285,0.025590160682404287,6.8,3.7013511046643495,4,13
SKAB,fold_0,5,4,0.6040706036703878,0.020378530318657453,0.5770089285714286,0.6252796420581656,0.2574054488121119,0.08900547137700902,0.14754098360655737,0.3611111111111111,0.04189759903052336,0.011040703679514626,0.027777777777777776,0.05864197530864197,0.07095450620884351,0.01600649481085841,0.046753246753246755,0.09112709832134293,115.0,8.154753215150045,104,123,199.0,16.109003693587013,181,216,115.0,8.154753215150045,104,123,0.015096457782420112,0.0010300660727536005,0.014277215942891136,0.0167344674556213,13.8,11.256109452204166,1,32
SKAB,fold_0,5,5,0.5828497658047492,0.02388321034372722,0.5491071428571429,0.6086956521739131,0.21930885723831467,0.06560480685892964,0.12264150943396226,0.3037974683544304,0.0554683143108501,0.01759967395817837,0.03374233128834356,0.07384615384615385,0.08761680727200608,0.026879273849131673,0.058981233243967826,0.1188118811881188,170.6,8.988882021697695,160,180,288.4,16.697305171793445,265,308,170.6,8.988882021697695,160,180,0.009929126369066996,0.000530209343010469,0.009458935950413224,0.010631001371742112,36.2,15.896540504147437,20,55
SKAB,fold_0,5,6,0.5725664223484641,0.019628574892434324,0.5535714285714286,0.6031215161649944,0.19367808897929378,0.05402365733840799,0.10843373493975904,0.25,0.05731071609599216,0.026620265668591842,0.027777777777777776,0.09876543209876543,0.0869720765299279,0.03418460556759075,0.044226044226044224,0.13793103448275862,228.4,21.04281350010022,199,253,388.0,34.8425027803687,344,434,228.4,21.04281350010022,199,253,0.007495625784841836,0.0007679625616009334,0.006780296520801762,0.008686649327037195,48.4,25.065913109240604,20,89
SKAB,fold_0,6,3,0.5896850673704466,0.005715727265037875,0.5833333333333334,0.5978552278820375,0.18124305221985865,0.05466021772204842,0.10526315789473684,0.23728813559322035,0.028689306619220756,0.013638221461573357,0.014336917562724014,0.05017921146953405,0.04930848684219202,0.02187979402199303,0.025236593059936908,0.08284023668639054,122.8,6.220932405998316,116,131,199.2,14.20211251891774,181,214,122.8,6.220932405998316,116,131,0.013219913861734553,0.0005897374244428364,0.012470135772973604,0.013971462544589775,14.6,7.536577472566709,7,27
SKAB,fold_0,6,4,0.5612301174327354,0.027371386445064944,0.5140939597315436,0.5833333333333334,0.18827345537757437,0.03216950128917497,0.1391304347826087,0.22807017543859648,0.0487764627008071,0.00539523595668968,0.04316546762589928,0.05734767025089606,0.07669042112713921,0.004196434462216251,0.07017543859649122,0.08121827411167512,190.4,15.757537878742351,174,212,303.0,24.969981978367546,269,337,190.4,15.757537878742351,174,212,0.008411542912492498,0.0008141471053300226,0.007498220007119971,0.00964460298586339,28.6,15.836666315863324,16,52
SKAB,fold_0,6,5,0.565787751411826,0.017761470749455676,0.5449664429530201,0.5871313672922251,0.2548360621082268,0.05874977027109079,0.15853658536585366,0.3018867924528302,0.08395348237539002,0.027832092578699875,0.04659498207885305,0.11510791366906475,0.12536030306358423,0.03713498659074326,0.07202216066481995,0.16666666666666666,254.6,15.69394787808345,229,272,393.8,30.260535355475785,345,427,254.6,15.69394787808345,229,272,0.006085097347986805,0.0003000612478601864,0.005771518166089965,0.006578821914151141,44.4,11.717508267545622,29,56
SKAB,fold_0,6,6,0.5214732935667478,0.02416422699790079,0.48655913978494625,0.5443548387096774,0.19229200633522553,0.030022349460026146,0.15873015873015872,0.2361111111111111,0.0874990330316392,0.024851530177281603,0.06115107913669065,0.12186379928315412,0.1193557288796199,0.02790343348287699,0.09115281501340483,0.1607565011820331,359.6,25.93838853899756,327,392,549.0,31.780497164141416,503,589,359.6,25.93838853899756,327,392,0.00427127916640458,0.0003814432574112625,0.0038330383173677636,0.004704055962367552,77.0,22.693611435820433,50,102
SKAB,fold_1,3,3,0.6371042843773449,0.005439438614559765,0.6303475935828877,0.6430953969312875,0.3002899796415977,0.035159526780586876,0.2727272727272727,0.3582089552238806,0.030978269135152524,0.014657063324063677,0.013358778625954198,0.04597701149425287,0.05554146669011535,0.02492752152973973,0.025500910746812388,0.08149405772495756,19.6,1.3416407864998738,19,22,40.2,2.2803508501982765,38,44,19.6,1.3416407864998738,19,22,0.10516242760010072,0.00829229687148835,0.09090909090909091,0.11080332409972299,1.2,1.0954451150103321,0,2
SKAB,fold_1,3,4,0.6232021456966558,0.012547617247115343,0.6129679144385026,0.6417611741160774,0.21404521927468387,0.07773320435466316,0.08571428571428572,0.2903225806451613,0.031781036780773556,0.019493910775324915,0.005714285714285714,0.04980842911877394,0.054114777456383024,0.03145680247783351,0.010714285714285714,0.08293460925039872,32.4,1.949358868961792,30,35,68.0,4.636809247747852,64,75,32.4,1.949358868961792,30,35,0.06494727696635882,0.004084650444983094,0.061224489795918366,0.07111111111111111,2.4,1.816590212458495,0,5
SKAB,fold_1,3,5,0.6290812879412181,0.012749813874385415,0.6183155080213903,0.6497665110073382,0.2729531911501351,0.08783297682539776,0.1568627450980392,0.4,0.031368722763300286,0.020728798104845937,0.003816793893129771,0.05172413793103448,0.054007466906555536,0.034354346766058586,0.007561436672967864,0.08653846153846154,50.2,2.8635642126552705,46,54,108.4,10.922453936730518,97,124,50.2,2.8635642126552705,46,54,0.04304549981077207,0.0030376691230089093,0.03806228373702422,0.045841209829867675,6.6,5.319774431308154,2,15
SKAB,fold_1,3,6,0.6284101653033097,0.014978032445666489,0.6116310160427807,0.6484322881921281,0.24771012657435793,0.04836388455907416,0.18292682926829268,0.2916666666666667,0.02946833962153783,0.022250970275898032,0.003816793893129771,0.06513409961685823,0.05045896139177107,0.0349190344205544,0.007532956685499058,0.10477657935285054,68.0,5.999999999999999,63,78,154.8,18.753666308218243,136,185,68.0,5.999999999999999,63,78,0.03353106575174614,0.0018445860101559963,0.030407626561472716,0.03502958579881657,9.2,11.233877335986895,2,29
SKAB,fold_1,4,3,0.6332043086796499,0.005907704331181862,0.6285714285714286,0.6419642857142858,0.3001377978964186,0.08341346991744489,0.25,0.4482758620689655,0.023582914572864322,0.008460840297508038,0.01,0.032663316582914576,0.04353720773270666,0.015374728429580082,0.019230769230769232,0.06088992974238876,38.4,1.51657508881031,37,41,73.6,2.966479394838263,71,78,38.4,1.51657508881031,37,41,0.04998513503203743,0.0023010366663612975,0.04640095181439619,0.05193905817174515,1.2,1.0954451150103321,0,2
SKAB,fold_1,4,4,0.6158924293946053,0.0140183160243981,0.5976806422836753,0.6331255565449688,0.23217958385700319,0.044305679754535476,0.17857142857142858,0.3,0.03412060301507538,0.015356684950120457,0.0125,0.05025125628140704,0.058398508850862826,0.02410497240805093,0.023696682464454975,0.0814663951120163,62.8,3.1144823004794873,58,66,120.4,4.878524367060187,113,126,62.8,3.1144823004794873,58,66,0.030620629236761204,0.0019920164704854545,0.02863905325443787,0.03359096313912009,3.0,4.06201920231798,0,10
SKAB,fold_1,4,5,0.6262344645945015,0.012058350191469579,0.6089285714285714,0.6384683882457702,0.3383158508158508,0.05121976509855396,0.2916666666666667,0.4230769230769231,0.05169095477386935,0.023221881141357602,0.0125,0.07035175879396985,0.08774130753980698,0.03699670627390619,0.02403846153846154,0.1134453781512605,95.8,12.794530081249565,84,115,181.4,18.60913754046651,161,207,95.8,12.794530081249565,84,115,0.020159668362015947,0.003115238294850373,0.01565217391304348,0.02352607709750567,10.2,11.606032913963324,2,30
SKAB,fold_1,4,6,0.6203454339731379,0.020237560238995072,0.5914362176628011,0.6420302760463046,0.30351166653053446,0.10141569268687232,0.2169811320754717,0.45454545454545453,0.03763819095477387,0.015335023241084473,0.025,0.05778894472361809,0.06461122389772292,0.021550509098692428,0.04672897196261682,0.09126984126984126,131.0,13.820274961085252,116,151,252.2,30.597385509222843,222,297,131.0,13.820274961085252,116,151,0.014794961034755957,0.0014235389742640605,0.013025744484891013,0.016795481569560046,11.0,7.516648189186454,1,18
SKAB,fold_1,5,3,0.6250047273106532,0.006023835559219629,0.6169265033407573,0.6324022346368715,0.2658744588744589,0.08934814241508111,0.16,0.375,0.01658145250558151,0.004151352873063353,0.012232415902140673,0.021538461538461538,0.03118011949935349,0.00789208511465623,0.022727272727272728,0.040345821325648415,72.2,4.494441010848846,66,77,128.4,11.193748255164577,114,141,72.2,4.494441010848846,66,77,0.024651555261565632,0.0010836127310462705,0.023545706371191136,0.026170798898071626,1.4,1.9493588689617927,0,4
SKAB,fold_1,5,4,0.5966345540227207,0.014454298591413721,0.5798882681564246,0.6158129175946548,0.1648207056101793,0.06712736739508558,0.1076923076923077,0.275,0.02577643658006128,0.009073782606244063,0.012269938650306749,0.03374233128834356,0.04427800166149459,0.015465058805714315,0.0221606648199446,0.05994550408719346,114.8,2.1679483388678813,112,117,195.4,5.128352561983234,190,202,114.8,2.1679483388678813,112,117,0.014828344733716081,0.00024476587477726785,0.014537219665424794,0.015146683673469387,10.4,6.348228099241551,4,18
SKAB,fold_1,5,5,0.6124989744119617,0.008327552994817095,0.6033519553072626,0.6231884057971014,0.2746060330912026,0.07429671246726689,0.16666666666666666,0.3728813559322034,0.04605019677795048,0.022042640523937847,0.009202453987730062,0.06748466257668712,0.07819332979045682,0.03644427831146363,0.01744186046511628,0.11428571428571428,163.0,11.090536506409418,151,180,284.4,17.357995275952806,271,313,163.0,11.090536506409418,151,180,0.01075398057455342,0.0008426636652773602,0.009660493827160494,0.011929301346432174,11.4,5.9833101206606365,4,17
SKAB,fold_1,5,6,0.6010911299628352,0.02134129453637126,0.5754189944134078,0.6258351893095768,0.2523811804774344,0.09236128489600773,0.16666666666666666,0.3902439024390244,0.04973118991850348,0.02793896411033218,0.012269938650306749,0.07692307692307693,0.08081574269620012,0.04158564458616611,0.022922636103151862,0.12165450121654502,225.8,25.18332781822133,200,268,382.6,36.841552627434154,343,443,225.8,25.18332781822133,200,268,0.007591827928949727,0.0008818349139947937,0.006167854756070394,0.008575,23.4,10.454664030948102,12,35
SKAB,fold_1,6,3,0.6122466776211479,0.009926349646403185,0.5994623655913979,0.6263440860215054,0.2823524328061533,0.13065024326080052,0.1724137931034483,0.5,0.024414090847137956,0.014731704790972085,0.014285714285714285,0.050359712230215826,0.044847939955033896,0.026521169528195058,0.026578073089700997,0.0915032679738562,127.2,10.35374328443583,110,136,207.6,15.485477067239483,183,221,127.2,10.35374328443583,110,136,0.012920618942056584,0.0012821956434652354,0.011948529411764705,0.015123966942148761,3.4,2.701851217221259,0,6
SKAB,fold_1,6,4,0.5722051659027356,0.025453929272168867,0.5483870967741935,0.6058981233243967,0.15339302274786146,0.08925331031612463,0.08571428571428572,0.3055555555555556,0.028681773475229034,0.013130315437126339,0.010752688172043012,0.043010752688172046,0.04750416223054048,0.02149574214591082,0.01935483870967742,0.06962025316455696,190.0,8.860022573334676,178,199,296.2,14.21970463828275,280,314,190.0,8.860022573334676,178,199,0.008220319397177761,0.0004201845041199578,0.007777581374207722,0.00883726802171443,20.2,14.237275020171522,5,39
SKAB,fold_1,6,5,0.5888675084320678,0.016823067970599972,0.5766129032258065,0.6179624664879356,0.3283049836342519,0.05201901533586853,0.2875,0.4166666666666667,0.08536184876983206,0.021691908290189608,0.053763440860215055,0.11469534050179211,0.1331969012896649,0.026373855930217398,0.09523809523809523,0.16886543535620052,266.4,10.990905331227264,254,282,415.0,17.0,392,439,266.4,10.990905331227264,254,282,0.005856496739712534,0.00026672360389271677,0.005520346059051356,0.006159485607836067,26.2,13.461054936371072,7,37
SKAB,fold_1,6,6,0.5867140880394361,0.02526097858721183,0.553763440860215,0.6112600536193029,0.3226268949513907,0.06069514227743655,0.26548672566371684,0.4,0.08683928433290235,0.02954345445341287,0.043010752688172046,0.11510791366906475,0.13369357969617973,0.036940686128729236,0.07453416149068323,0.165374677002584,349.4,27.079512551004306,332,397,538.4,36.03193028412439,510,601,349.4,27.079512551004306,332,397,0.004434864586602042,0.00035501459914895914,0.0038132340158239693,0.004661336010613503,33.2,20.166804407243106,11,60
SKAB,fold_2,3,3,0.6261159227181878,0.0015905844618672102,0.6242504996668887,0.6282478347768155,0.3172073417986197,0.029170672270640845,0.2916666666666667,0.3561643835616438,0.030202578268876613,0.010137280990440431,0.02394106813996317,0.04788213627992634,0.054938363026222584,0.01696769476632697,0.044293015332197615,0.08441558441558442,22.6,2.302172886644268,19,25,45.4,5.029910535983717,37,50,22.6,2.302172886644268,19,25,0.08956054874033012,0.009153051163543893,0.08,0.10249307479224377,0.2,0.4472135954999579,0,1
SKAB,fold_2,3,4,0.6319786808794137,0.0012102533061015943,0.6302465023317788,0.6335776149233844,0.2181699346405229,0.03756436087679865,0.16666666666666666,0.26666666666666666,0.0066298342541436465,0.0010086971593096985,0.0055248618784530384,0.007366482504604052,0.012866151348124782,0.0019558651588319027,0.0106951871657754,0.014336917562724014,38.8,1.643167672515498,37,41,80.4,4.615192303685729,75,86,38.8,1.643167672515498,37,41,0.053539391551509975,0.004085752297005369,0.04759071980963712,0.05817174515235457,0.6,0.5477225575051661,0,1
SKAB,fold_2,3,5,0.6355762824783477,0.0023554523024202126,0.631578947368421,0.6375749500333111,0.32255793226381463,0.18711789664325018,0.0,0.48484848484848486,0.014732965009208104,0.011352511976001798,0.0,0.029465930018416207,0.028024458232053455,0.021289529684469465,0.0,0.05555555555555555,53.0,2.9154759474226504,49,57,120.0,11.090536506409416,105,135,53.0,2.9154759474226504,49,57,0.04275293799483374,0.0028284722924949604,0.03847337642351493,0.046296296296296294,2.0,0.0,2,2
SKAB,fold_2,3,6,0.6389073950699533,0.0016319052250388258,0.6375749500333111,0.6415722851432378,0.5222749969553038,0.06002945402161809,0.47058823529411764,0.6190476190476191,0.019152854511970536,0.0038188658109259152,0.014732965009208104,0.02394106813996317,0.03693784091393668,0.00724087835366417,0.02857142857142857,0.04609929078014184,81.2,5.890670590009256,72,88,188.2,17.137677789012145,163,210,81.2,5.890670590009256,72,88,0.02862239372597584,0.0019450973768194585,0.026785714285714284,0.0314429012345679,1.4,1.3416407864998738,0,3
SKAB,fold_2,4,3,0.6211743772241993,0.0029774378168472893,0.6174377224199288,0.6245551601423488,0.33785757720540327,0.03253294784069763,0.30434782608695654,0.38461538461538464,0.030917874396135265,0.011759093183225204,0.016908212560386472,0.04830917874396135,0.05630529711356721,0.020047366278884943,0.032036613272311214,0.08583690987124463,38.6,2.5099800796022267,35,41,72.0,4.242640687119285,66,77,38.6,2.5099800796022267,35,41,0.04852757375944457,0.003610737680399502,0.044616299821534804,0.053877551020408164,0.6,1.3416407864998738,0,3
SKAB,fold_2,4,4,0.6243772241992882,0.0022152846259766703,0.6227758007117438,0.6281138790035588,0.2632938076416337,0.056007950078534374,0.16666666666666666,0.30434782608695654,0.011594202898550725,0.0052365901905021255,0.004830917874396135,0.016908212560386472,0.0221246199179346,0.009776114674991213,0.009389671361502348,0.032036613272311214,64.2,3.4205262752974126,59,68,127.0,6.2449979983984,116,131,64.2,3.4205262752974126,59,68,0.030906114812972767,0.0020098360837854964,0.028114186851211073,0.03332375754093651,0.8,1.0954451150103324,0,2
SKAB,fold_2,4,5,0.6234875444839858,0.0031075176506357364,0.6201067615658363,0.6272241992882562,0.35656517659877124,0.008130491281292774,0.35,0.3684210526315789,0.02753623188405797,0.010473180381004253,0.016908212560386472,0.04106280193236715,0.05072853486695955,0.01806576110942725,0.03225806451612903,0.0737527114967462,109.0,5.61248608016091,102,115,208.0,13.98213145410956,191,220,109.0,5.61248608016091,102,115,0.017524159342871548,0.0007255510509609214,0.0166351606805293,0.01835832372164552,2.2,0.8366600265340756,1,3
SKAB,fold_2,4,6,0.6243772241992882,0.004807564443454199,0.6192170818505338,0.6316725978647687,0.3409335947071796,0.1052729908015294,0.25,0.5,0.02318840579710145,0.016257312725085838,0.00966183574879227,0.050724637681159424,0.04278148843794432,0.0281555649765873,0.018691588785046728,0.08993576017130621,156.2,13.754999091239522,134,168,305.2,28.99482712485109,268,335,156.2,13.754999091239522,134,168,0.012598120865093662,0.0013438057394986457,0.011585884353741497,0.014925373134328358,2.8,0.447213595499958,2,3
SKAB,fold_2,5,3,0.6162583518930957,0.0014940320562359514,0.6146993318485523,0.6180400890868597,0.4169010989010989,0.019822055879437063,0.39285714285714285,0.44,0.033529411764705884,0.0016109486985446053,0.03235294117647059,0.03529411764705882,0.06204962541701818,0.0027394125562059113,0.059782608695652176,0.06521739130434782,69.6,4.393176527297757,63,74,120.8,9.20326029187483,106,130,69.6,4.393176527297757,63,74,0.025012726990285845,0.0018330366412760799,0.023009495982468955,0.02670697908793147,2.4,1.3416407864998738,0,3
SKAB,fold_2,5,4,0.6102449888641426,0.0007874240325017551,0.60913140311804,0.611358574610245,0.2204184704184704,0.08078955801934641,0.08333333333333333,0.2857142857142857,0.012941176470588234,0.006098953339214036,0.0029411764705882353,0.01764705882352941,0.02442383728449357,0.011403854681106117,0.005681818181818182,0.0332409972299169,126.6,6.348228099241554,121,137,221.6,9.289779329994872,206,230,126.6,6.348228099241554,121,137,0.013871834632464507,0.0009725131419581124,0.01225424902765198,0.014633194588969823,3.2,0.4472135954999579,3,4
SKAB,fold_2,5,5,0.6082405345211581,0.004045857934205982,0.6035634743875279,0.6146993318485523,0.2868886743886744,0.052073117690477344,0.21428571428571427,0.3333333333333333,0.023529411764705882,0.00831890330807703,0.01764705882352941,0.03529411764705882,0.04330384000112571,0.014497964525290827,0.03260869565217391,0.0636604774535809,187.2,11.211601134539167,168,196,319.0,15.82719179134441,298,339,187.2,11.211601134539167,168,196,0.009149175702262086,0.000822863977116684,0.008433985839233653,0.010558390022675737,3.0,1.7320508075688774,0,4
SKAB,fold_2,5,6,0.6118040089086859,0.0027950780396461547,0.6080178173719376,0.6158129175946548,0.29967379504329295,0.062399931854920335,0.21428571428571427,0.36363636363636365,0.021764705882352943,0.014793854517599167,0.008823529411764706,0.047058823529411764,0.040063715514029555,0.025492334669428185,0.01694915254237288,0.08333333333333333,268.6,16.592166826548006,251,289,445.8,23.306651411131543,424,484,268.6,16.592166826548006,251,289,0.0062081352212756385,0.0005121997177433604,0.0057605338268451305,0.006841161251408708,3.4,1.51657508881031,1,5
SKAB,fold_2,6,3,0.601338688085676,0.0025750179466762016,0.5983935742971888,0.6050870147255689,0.34165963296398083,0.05329866337404685,0.2857142857142857,0.40540540540540543,0.03103448275862069,0.012191496227354267,0.020689655172413793,0.05172413793103448,0.05666820435078355,0.0208178388048046,0.03858520900321544,0.09174311926605505,114.4,11.928956366757319,96,125,185.6,20.67123605399542,156,205,114.4,11.928956366757319,96,125,0.014302402838209178,0.0015598437152298283,0.013056,0.016927083333333332,4.8,1.3038404810405297,4,7
SKAB,fold_2,6,4,0.6053547523427041,0.0033333064519380645,0.5997322623828648,0.607764390896921,0.35820962663067923,0.06172800450892683,0.2631578947368421,0.42105263157894735,0.020689655172413793,0.004876598490941708,0.017241379310344827,0.027586206896551724,0.03907742517049732,0.00899413801484743,0.032362459546925564,0.05177993527508091,206.6,19.346834366376324,176,225,327.2,31.570555902612806,276,359,206.6,19.346834366376324,176,225,0.007720873897758258,0.0007597089669225632,0.007022788231199197,0.008910123966942149,4.2,2.3874672772626644,0,6
SKAB,fold_2,6,5,0.6016064257028113,0.011769801681570704,0.5903614457831325,0.6184738955823293,0.3976196352666941,0.13134831990041748,0.3,0.6,0.041379310344827586,0.006451133425472312,0.034482758620689655,0.05172413793103448,0.07474709485316793,0.012617637559624043,0.06191950464396285,0.09523809523809523,288.0,13.564659966250536,266,300,441.6,10.285912696499032,427,452,287.8,13.386560424545207,266,300,0.005345542036545454,0.00042355193609321204,0.004966666666666667,0.006034823901859913,3.8,1.0954451150103321,2,5
SKAB,fold_2,6,6,0.6101740294511379,0.00616378282903424,0.6037483266398929,0.6198125836680054,0.4834902597402597,0.061709550769564664,0.4,0.5714285714285714,0.07241379310344828,0.023131737698273685,0.041379310344827586,0.10344827586206896,0.1250495579047027,0.0356218161771731,0.075,0.1694915254237288,398.8,30.35951251255527,365,432,585.6,37.40721855471213,549,628,398.8,30.35951251255527,365,432,0.0037070117113401488,0.000359888262535608,0.0033650548696844995,0.004173390880090073,12.4,4.159326868617084,7,18
SKAB,fold_3,3,3,0.6149750764508035,0.00510395288517895,0.6067796610169491,0.6198514517218096,0.34346112347325203,0.029727396165605113,0.30927835051546393,0.3865546218487395,0.0514957810578545,0.02002303901943408,0.0347985347985348,0.08455882352941177,0.08867596730006719,0.030283903064439694,0.0632279534109817,0.138763197586727,20.4,0.8944271909999157,19,21,41.4,1.51657508881031,40,44,20.4,0.8944271909999157,19,21,0.09985753858330035,0.00841151681461168,0.09297052154195011,0.11357340720221606,3.2,3.03315017762062,0,8
SKAB,fold_3,3,4,0.6011539117867515,0.014220988268922173,0.5783050847457627,0.6164753544902093,0.29155350517713813,0.04939832824329926,0.225,0.34782608695652173,0.06146347829399503,0.025853140448413994,0.016483516483516484,0.07734806629834254,0.09993451165944084,0.03947080853660111,0.030716723549488054,0.1242603550295858,33.6,3.0495901363953815,30,38,69.8,7.563068160475616,63,82,33.6,3.0495901363953815,30,38,0.062124279882250055,0.0052311436522194275,0.05678670360110803,0.07,12.6,9.289779329994873,3,23
SKAB,fold_3,3,5,0.5973444650382558,0.018747327380366708,0.576271186440678,0.6218771100607697,0.23405497728078375,0.05978068936174248,0.1827956989247312,0.32967032967032966,0.04011487510431287,0.019510315301496377,0.01098901098901099,0.058931860036832415,0.06701271622339897,0.031021093884014028,0.02097902097902098,0.09481481481481481,50.6,2.701851217221259,48,54,108.4,9.762171889492624,101,124,50.6,2.701851217221259,48,54,0.04232274855343139,0.0014745427926933174,0.03987184051263795,0.04383680555555555,14.8,9.364827814754525,3,29
SKAB,fold_3,3,6,0.5924689649174333,0.020009322865336056,0.5708474576271186,0.6139283299526708,0.26855043179025734,0.07877102110658867,0.19402985074626866,0.3937007874015748,0.05922585566313223,0.02148117719636952,0.03663003663003663,0.09191176470588236,0.09604941689624946,0.032930925555121206,0.06514657980456026,0.14903129657228018,69.0,8.336666000266531,62,79,159.4,27.300183149568795,136,195,69.0,8.336666000266531,62,79,0.033550847884164584,0.0023830663944445656,0.030696576151121605,0.03563995837669095,25.0,12.942179105544785,8,39
SKAB,fold_3,4,3,0.604589054536907,0.005231912635141362,0.5990950226244344,0.6110108303249098,0.29509026829629387,0.046912481192033555,0.26666666666666666,0.37735849056603776,0.03699429296131897,0.009513142155551798,0.024096385542168676,0.04784688995215311,0.0655615176427998,0.016016611730169227,0.04424778761061947,0.08492569002123142,38.4,1.8165902124584952,36,41,72.4,3.7148351242013433,67,77,38.4,1.8165902124584952,36,41,0.049175758573816064,0.0022297927877915594,0.04580606781677573,0.05169753086419753,2.4,1.51657508881031,1,4
SKAB,fold_3,4,4,0.587945956318412,0.010611896883723795,0.5746606334841629,0.6041478809738503,0.2163700999358535,0.06356327845959452,0.13793103448275862,0.27710843373493976,0.040388539805153625,0.020429010343830784,0.009569377990430622,0.060240963855421686,0.06746513748896885,0.032868722370130735,0.017897091722595078,0.0984251968503937,66.2,3.03315017762062,63,69,124.4,4.827007354458869,119,130,66.2,3.03315017762062,63,69,0.028450564164086867,0.0015537376637565006,0.026885108170552403,0.030234315948601664,12.4,10.064790112068906,6,30
SKAB,fold_3,4,5,0.5837629631605958,0.02483080937662712,0.5592760180995475,0.6167718665464382,0.29778274738636934,0.09699512452204988,0.20967741935483872,0.43137254901960786,0.06439845506427624,0.00893365427537529,0.05263157894736842,0.0746987951807229,0.10422644896970568,0.012824088841860265,0.09381663113006397,0.12,98.6,10.502380682492898,86,115,184.4,19.552493447128427,159,212,98.6,10.502380682492898,86,115,0.01913600269277138,0.0019833243259632745,0.01603024574669187,0.02149810708491076,25.8,15.106290080625355,6,48
SKAB,fold_3,4,6,0.5720134332125351,0.025831866771326407,0.5384615384615384,0.5983754512635379,0.24513670282634298,0.0825935693668591,0.14285714285714285,0.3373493975903614,0.05909725024499914,0.011809834248071496,0.04578313253012048,0.0746987951807229,0.09443247564206458,0.019652605809023768,0.06934306569343066,0.1141804788213628,137.6,10.96813566655701,127,155,266.8,22.409819276379714,249,303,137.6,10.96813566655701,127,155,0.014155444112805069,0.001072342257582652,0.012611862643080125,0.015500031000062,35.6,15.836666315863324,13,49
SKAB,fold_3,5,3,0.5895313383161481,0.005476301729237789,0.5827664399092971,0.5959367945823928,0.23848071272440605,0.06341875613482058,0.16279069767441862,0.3181818181818182,0.03177744217281179,0.01321223674889496,0.020527859237536656,0.05014749262536873,0.055853828270843085,0.021986896144558822,0.03664921465968586,0.08542713567839195,68.0,4.47213595499958,62,74,117.2,10.963576058932597,105,133,68.0,4.47213595499958,62,74,0.025367792682986584,0.00117846289338162,0.02428780131482834,0.027315296566077004,7.0,4.12310562561766,0,11
SKAB,fold_3,5,4,0.5727733154197007,0.010559609755305227,0.5555555555555556,0.5835214446952596,0.22493815675090362,0.02664869292849435,0.18823529411764706,0.2631578947368421,0.04415310442267094,0.0037370905800823188,0.03812316715542522,0.047337278106508875,0.07359280431305666,0.005014066566024536,0.06516290726817042,0.0784313725490196,117.6,3.9115214431215897,113,122,204.4,8.384509526501834,193,212,117.6,3.9115214431215897,113,122,0.014787169807042162,0.0004019343312486939,0.014243482934694974,0.015235457063711912,19.8,11.278297743897348,8,38
SKAB,fold_3,5,5,0.5596290573211086,0.019275086641025466,0.5419501133786848,0.5898305084745763,0.23594336957734724,0.07666015255609362,0.16129032258064516,0.36585365853658536,0.06477959668434922,0.021643004599171737,0.029239766081871343,0.08797653958944282,0.10102861810783306,0.033109593808714,0.04950495049504951,0.14184397163120568,168.8,19.71547615453403,149,194,285.6,35.79525108167282,247,324,168.8,19.71547615453403,149,194,0.010124131723394074,0.0011667570312328189,0.008608778828780955,0.011466666666666667,43.2,10.848963084092416,26,52
SKAB,fold_3,5,6,0.5433022855237668,0.033922448950574904,0.4977324263038549,0.5812641083521445,0.2518977041557687,0.07488149134804334,0.16129032258064516,0.3333333333333333,0.0870846223227814,0.016958846148563043,0.06784660766961652,0.10557184750733138,0.12825631107366245,0.025647483615406686,0.10141987829614604,0.1592920353982301,236.2,15.122830422906949,215,254,401.0,29.849623113198604,360,434,236.2,15.122830422906949,215,254,0.007204595573450495,0.0004106996147424788,0.006727013454026908,0.0077879935100054086,66.4,29.610808837314796,38,112
SKAB,fold_3,6,3,0.574842435710901,0.01038865173145372,0.5634379263301501,0.5910326086956522,0.24020782863700116,0.05847417262877151,0.17391304347826086,0.3225806451612903,0.033771773906861,0.005129201610226,0.027586206896551724,0.041379310344827586,0.05907844275977865,0.009141088333051316,0.047619047619047616,0.0718562874251497,116.8,9.17605579756357,107,131,192.4,15.436968614336172,180,217,116.8,9.17605579756357,107,131,0.014180695434326204,0.0012716636914278294,0.012644950760445195,0.016158616473054416,10.2,3.271085446759225,5,13
SKAB,fold_3,6,4,0.5451506010076903,0.02619914449822238,0.504774897680764,0.5667574931880109,0.20464465086267086,0.051172620794110855,0.1523809523809524,0.27419354838709675,0.048934707903780066,0.0074972870786895315,0.041379310344827586,0.05862068965517241,0.07835707608776792,0.011609949617787357,0.0653950953678474,0.09659090909090909,186.6,11.436782764396638,170,198,286.8,20.117156856772773,255,311,186.6,11.436782764396638,170,198,0.008260002849171333,0.0005532147021486609,0.0077053884578594965,0.008888888888888889,28.6,16.2265215003093,8,53
SKAB,fold_3,6,5,0.5331744714151231,0.019037223492044897,0.5136239782016349,0.5590230664857531,0.2418210203882052,0.03995464403606971,0.2127659574468085,0.31092436974789917,0.0875530276099064,0.03114438198687877,0.048109965635738834,0.12758620689655173,0.12722992239102454,0.039220835896174595,0.07932011331444759,0.18092909535452323,249.4,30.245660845813898,216,289,389.4,61.768114751868545,323,463,249.4,30.245660845813898,216,289,0.006288653915161868,0.0005292682952467753,0.005543516001963578,0.0069230109739369,58.2,18.471599822430107,33,85
SKAB,fold_3,6,6,0.5042793704548483,0.046071244177365266,0.45231607629427795,0.5617367706919946,0.2535626505701056,0.06385654360345656,0.15432098765432098,0.32222222222222224,0.12200023699490462,0.03433085275536131,0.08620689655172414,0.17586206896551723,0.1618319412849432,0.03514408909615377,0.11061946902654868,0.20773930753564154,363.2,36.73826343201322,325,404,549.8,43.65432395536552,506,607,363.2,36.73826343201322,325,404,0.0042174850008602945,0.0005219795781129549,0.00365625,0.0047905325443786985,95.4,40.053713935164616,45,149
SKAB,fold_4,3,3,0.6225365185111345,0.004548637463712456,0.6164021164021164,0.6271523178807947,0.3594106973485479,0.03970810068060651,0.3157894736842105,0.40310077519379844,0.11371420449816853,0.0604434840616677,0.056818181818181816,0.19622641509433963,0.16839540953326718,0.07293644923351839,0.09630818619582665,0.2639593908629442,20.2,1.6431676725154984,18,22,38.6,5.319774431308155,31,43,20.2,1.6431676725154984,18,22,0.0944305089218809,0.004376311661681675,0.08677685950413223,0.09750566893424037,29.6,42.60633755675322,0,98
SKAB,fold_4,3,4,0.6083758080829296,0.021987241792391442,0.5707671957671958,0.6249171636845593,0.34955506686110027,0.034017989519866086,0.31097560975609756,0.38271604938271603,0.1311584178266598,0.03707259928001039,0.09659090909090909,0.19056603773584907,0.18764229467772892,0.034597354556198785,0.14739884393063585,0.23736780258519388,29.8,4.08656334834051,23,34,60.8,8.136338242723197,47,68,29.8,4.08656334834051,23,34,0.06972855541334759,0.011291708351691927,0.058823529411764705,0.0888468809073724,62.4,90.49198859567625,7,222
SKAB,fold_4,3,5,0.6051998050590601,0.016468706022131543,0.5873015873015873,0.6315440689198144,0.3465576305475996,0.04345714786660429,0.30412371134020616,0.4186046511627907,0.13948389357785868,0.019305675093685585,0.11174242424242424,0.1641509433962264,0.19793055163577772,0.020851267738640347,0.1634349030470914,0.21804511278195488,48.4,2.0736441353327724,46,51,101.2,3.271085446759225,96,104,48.4,2.0736441353327724,46,51,0.04331540307239164,0.002721981207976636,0.039600153787004995,0.045368620037807186,38.2,11.945710527214361,21,53
SKAB,fold_4,3,6,0.586261508004428,0.02393641098738608,0.5589403973509933,0.6235917826375083,0.34677221311347434,0.053651962019032697,0.2878228782287823,0.4090909090909091,0.20332819942478605,0.05115195342590538,0.14772727272727273,0.26037735849056604,0.25402888816757196,0.04876399110826635,0.19524405506883605,0.30598669623059865,65.8,2.5884358211089564,62,69,141.8,7.918333157931664,131,151,65.8,2.5884358211089564,62,69,0.03277438199531455,0.001384988301369449,0.03096458008465137,0.034079084287200835,96.0,49.39635614091387,45,167
SKAB,fold_4,4,3,0.6154290763271272,0.021558114079516216,0.589585172109444,0.636604774535809,0.39456098980564586,0.047132916626954985,0.34177215189873417,0.4444444444444444,0.13679597858678502,0.07614610464316848,0.06716417910447761,0.2524752475247525,0.19298777600668177,0.07755689087367161,0.11226611226611227,0.30493273542600896,36.2,4.868264577855235,30,41,62.6,9.126883367283709,51,72,36.2,4.868264577855235,30,41,0.04839332968900885,0.006360759559690643,0.04283164782867341,0.056666666666666664,66.2,81.57634461043226,0,199
SKAB,fold_4,4,4,0.595640764523682,0.029472269873234827,0.5498676081200353,0.6256637168141593,0.38120152880906244,0.0443300599478827,0.31690140845070425,0.425531914893617,0.2106961385001876,0.09067531197701983,0.11166253101736973,0.3415841584158416,0.2621433277848941,0.07248953518280929,0.1651376146788991,0.3511450381679389,59.0,7.968688725254614,46,65,108.4,12.817956155331473,86,117,59.0,7.968688725254614,46,65,0.031808736876541746,0.005566565262576042,0.02745562130177515,0.04064272211720227,105.4,132.3907096438417,21,335
SKAB,fold_4,4,5,0.5758411969812404,0.02583373670235851,0.5366284201235657,0.6047745358090185,0.3318710166258207,0.027240281971111904,0.29545454545454547,0.36217948717948717,0.19579669033160121,0.09446387127522056,0.12655086848635236,0.31683168316831684,0.23787414139722984,0.07669117763120369,0.17962003454231434,0.32778489116517284,89.8,7.155417527999325,82,96,165.4,12.581732790041283,151,178,89.8,7.155417527999325,82,96,0.020637716081125017,0.0018939450161719815,0.01889995473064735,0.022903033908387865,137.0,103.09461673627774,58,288
SKAB,fold_4,4,6,0.573721368623111,0.02220362579911405,0.5481023830538394,0.595575221238938,0.3617512405222393,0.0291540472206559,0.32,0.4006849315068493,0.26327834942673556,0.08674407236281131,0.1588089330024814,0.3589108910891089,0.2993463292515582,0.06570556876060007,0.21227197346600332,0.36386449184441655,124.2,6.534523701081818,117,131,234.0,13.209844813622905,220,250,124.2,6.534523701081818,117,131,0.015199953589802816,0.0007813141066711546,0.014497041420118343,0.016071298122580173,180.6,94.78554742153467,67,309
SKAB,fold_4,5,3,0.6044517980044354,0.0318572131908014,0.5657458563535912,0.6334440753045404,0.42662937937937934,0.04627776906896647,0.3783783783783784,0.4895833333333333,0.184640574655359,0.09589713792626388,0.08206686930091185,0.31419939577039274,0.2419762539824088,0.08291241291689011,0.13881748071979436,0.34608985024958405,59.0,10.464224768228174,47,70,100.4,15.709869509324385,83,117,59.0,10.464224768228174,47,70,0.029831113047001544,0.006299008724492693,0.023061224489795917,0.03757356269805342,99.6,93.52967443544321,17,235
SKAB,fold_4,5,4,0.5613062476545231,0.029432151838629076,0.5160220994475138,0.5880398671096345,0.34869903078096787,0.022102398008285618,0.3252032520325203,0.3755656108597285,0.24216705109293651,0.10810334339584586,0.12158054711246201,0.3716012084592145,0.27628016339085026,0.082422299826705,0.17699115044247787,0.35964912280701755,103.4,10.549881515922348,85,110,176.2,14.872793954062567,152,191,103.4,10.549881515922348,85,110,0.016709523222418164,0.0024445907849262915,0.01515023987879808,0.021038062283737023,141.6,110.46854755992766,26,310
SKAB,fold_4,5,5,0.5398514304383347,0.048445402371379113,0.4552486187845304,0.574750830564784,0.31172848579143475,0.050330566853800184,0.24647887323943662,0.3848396501457726,0.23303584889751888,0.1342114304469071,0.10638297872340426,0.3987915407854985,0.2547757112631265,0.09984456425761802,0.14861995753715498,0.3916913946587537,146.0,10.416333327999826,132,156,249.8,17.16682847820179,228,267,146.0,10.416333327999826,132,156,0.011772526915655253,0.0009084749721482187,0.010971400394477318,0.013085399449035813,175.0,125.81136673607834,76,343
SKAB,fold_4,5,6,0.5524569221420539,0.032603332782353174,0.5116022099447514,0.583610188261351,0.3855860909203618,0.026199364235723825,0.351931330472103,0.4166666666666667,0.37673006430478956,0.1029105628932498,0.24924012158054712,0.5015105740181269,0.37523792292611613,0.05455362016468076,0.2918149466192171,0.4289405684754522,206.0,13.152946437965905,185,219,354.6,21.349473061413015,322,372,206.0,13.152946437965905,185,219,0.008391149476540107,0.0006468537109774854,0.007756301995371239,0.009408327246165084,243.6,90.75957249789137,152,343
SKAB,fold_4,6,3,0.5778773691815168,0.041143046172056885,0.5279255319148937,0.625832223701731,0.4047201359574585,0.06975754266412078,0.3333333333333333,0.5172413793103449,0.18912630735166583,0.07515692750111612,0.10600706713780919,0.2852112676056338,0.24478514429341525,0.0575139416640648,0.17595307917888564,0.3201581027667984,99.4,13.794926603646719,82,111,160.8,20.92128103152386,130,177,99.4,13.794926603646719,82,111,0.016586415467774493,0.0026552779955861835,0.014122230338446555,0.019553441669969612,97.8,79.09298325388922,22,193
SKAB,fold_4,6,4,0.5768022069864294,0.032128749640975826,0.526595744680851,0.6151797603195739,0.42266432719649094,0.037163642059015435,0.38311688311688313,0.4797297297297297,0.30983529425052936,0.08594178613804401,0.20567375886524822,0.4154929577464789,0.3504572022447916,0.05375301738361765,0.27230046948356806,0.40227703984819735,162.6,12.054044964243332,143,172,251.2,14.324803663575986,233,266,162.6,12.054044964243332,143,172,0.00957560191259413,0.0010537208993254975,0.008754732287723093,0.011394200205389017,154.6,75.89993412381857,82,267
SKAB,fold_4,6,5,0.5589745587443693,0.04046890981771395,0.49867021276595747,0.607190412782956,0.3986988613318854,0.03781694815318853,0.37185929648241206,0.4619883040935672,0.32323087713056275,0.13253753569498047,0.16607773851590105,0.5070422535211268,0.3445709001023811,0.08027102113380852,0.23039215686274508,0.4330827067669173,234.6,18.796276226955168,209,255,372.4,29.619250496931894,329,402,234.6,18.796276226955168,209,255,0.00680443561649576,0.0005869272489460784,0.006074586697424068,0.0075318788489274514,178.8,122.18715153402997,57,355
SKAB,fold_4,6,6,0.5371331132957475,0.017764197597721267,0.5193075898801598,0.5645805592543276,0.39550713466708615,0.023906424134327864,0.36551724137931035,0.41952506596306066,0.44676430131802014,0.133260502746456,0.3286219081272085,0.6197183098591549,0.41412113339653683,0.06748286931586099,0.36257309941520466,0.49577464788732395,318.4,21.454603235669502,285,338,483.4,26.74509300787717,437,503,318.4,21.454603235669502,285,338,0.004794212334298621,0.00041553619760254537,0.0044028570428206295,0.005380116959064328,252.6,100.2561718798399,149,369
