dataset,model,noise_level,accuracy,precision,recall,f1_score
SKAB,LSTM,0.0,0.6858100558659218,0.7325,0.18404522613065327,0.29417670682730923
SKAB,LSTM,0.05,0.6867039106145252,0.7351485148514851,0.1865577889447236,0.29759519038076154
SKAB,LSTM,0.1,0.6878212290502793,0.7395577395577395,0.18907035175879397,0.30115057528764383
SKAB,LSTM,0.2,0.6875977653631284,0.7400990099009901,0.1878140703517588,0.2995991983967936
SKAB,GRU,0.0,0.6902793296089386,0.7384259259259259,0.20037688442211055,0.31521739130434784
SKAB,GRU,0.05,0.6905027932960894,0.7390300230946882,0.20100502512562815,0.3160493827160494
SKAB,GRU,0.1,0.6902793296089386,0.7384259259259259,0.20037688442211055,0.31521739130434784
SKAB,GRU,0.2,0.6918435754189944,0.7448275862068966,0.20351758793969849,0.31968426245683274
SKAB,CNN,0.0,0.7157541899441341,0.7711864406779662,0.2858040201005025,0.41704857928505956
SKAB,CNN,0.05,0.7139664804469273,0.7671232876712328,0.2814070351758794,0.4117647058823529
SKAB,CNN,0.1,0.7146368715083798,0.766497461928934,0.28454773869346733,0.41502519468621163
SKAB,CNN,0.2,0.7148603351955307,0.7564935064935064,0.292713567839196,0.4221014492753623
SKAB,LSTM,0.0,0.7176575372968158,0.7089084065244667,0.3529044347282948,0.47122602168473726
SKAB,LSTM,0.05,0.7165441995101314,0.6995133819951338,0.3591505309181761,0.4746182418489476
SKAB,LSTM,0.1,0.7165441995101314,0.6961722488038278,0.36352279825109307,0.4776364382437423
SKAB,LSTM,0.2,0.7169895346248052,0.6950354609929078,0.36727045596502184,0.48058847568451163
SKAB,GRU,0.0,0.7189935426408373,0.667324777887463,0.42223610243597753,0.5172149961744453
SKAB,GRU,0.05,0.7183255399688265,0.6624758220502901,0.4278575890068707,0.5199240986717267
SKAB,GRU,0.1,0.7163215319527945,0.6555661274976213,0.43035602748282326,0.5196078431372549
SKAB,GRU,0.2,0.7105321754620352,0.64,0.4297314178638351,0.5142002989536621
SKAB,CNN,0.0,0.7038521487419283,0.6155157715260017,0.4509681449094316,0.5205479452054794
SKAB,CNN,0.05,0.7038521487419283,0.6155157715260017,0.4509681449094316,0.5205479452054794
SKAB,CNN,0.1,0.7047428189712759,0.6172208013640239,0.4522173641474079,0.5219899062725306
SKAB,CNN,0.2,0.7038521487419283,0.6151231945624469,0.4522173641474079,0.5212383009359252
SKAB,LSTM,0.0,0.6308993766696349,0.5020242914979757,0.07474382157926461,0.13011542497376705
SKAB,LSTM,0.05,0.6293410507569012,0.4879032258064516,0.07293550331525014,0.12690089145254327
SKAB,LSTM,0.1,0.6282279608192342,0.47808764940239046,0.07233273056057866,0.1256544502617801
SKAB,LSTM,0.2,0.6288958147818343,0.483739837398374,0.07172995780590717,0.12493438320209974
SKAB,GRU,0.0,0.6177649154051648,0.4263959390862944,0.10126582278481013,0.16366293229420362
SKAB,GRU,0.05,0.6166518254674977,0.42105263157894735,0.10126582278481013,0.16326530612244897
SKAB,GRU,0.1,0.616206589492431,0.4181360201511335,0.10006027727546715,0.1614785992217899
SKAB,GRU,0.2,0.6146482635796973,0.4090909090909091,0.09764918625678119,0.15766423357664233
SKAB,CNN,0.0,0.6197684772929652,0.4522417153996101,0.1398432790837854,0.2136279926335175
SKAB,CNN,0.05,0.6191006233303651,0.44921875,0.13863773357444242,0.21188392445877477
SKAB,CNN,0.1,0.6188780053428317,0.44834307992202727,0.13863773357444242,0.21178637200736647
SKAB,CNN,0.2,0.6197684772929652,0.4514851485148515,0.13743218806509946,0.21072088724584104
SKAB,LSTM,0.0,0.6577515865820489,0.7189349112426036,0.146562123039807,0.24348697394789579
SKAB,LSTM,0.05,0.6575249320036265,0.7168141592920354,0.146562123039807,0.24336504757135705
SKAB,LSTM,0.1,0.6584315503173164,0.7267267267267268,0.14595898673100122,0.2430939226519337
SKAB,LSTM,0.2,0.656844968268359,0.7168674698795181,0.14354644149577805,0.23919597989949748
SKAB,GRU,0.0,0.6378059836808704,0.5429799426934098,0.22858866103739445,0.32173174872665533
SKAB,GRU,0.05,0.6371260199456029,0.5412445730824892,0.2255729794933655,0.31843337590464027
SKAB,GRU,0.1,0.636672710788758,0.5399129172714079,0.2243667068757539,0.3170004260758415
SKAB,GRU,0.2,0.635312783318223,0.5353535353535354,0.22376357056694812,0.3156103785623139
SKAB,CNN,0.0,0.6538984587488668,0.5967503692762186,0.2436670687575392,0.3460385438972163
SKAB,CNN,0.05,0.6495920217588396,0.5813953488372093,0.24125452352231605,0.3410059676044331
SKAB,CNN,0.1,0.6443789664551224,0.5627644569816643,0.24065138721351026,0.33713561470215464
SKAB,CNN,0.2,0.6339528558476881,0.5268414481897628,0.2545235223160434,0.34322895485969906
SKAB,LSTM,0.0,0.642588910978573,0.0,0.0,0.0
SKAB,LSTM,0.05,0.6428098078197482,0.0,0.0,0.0
SKAB,LSTM,0.1,0.6434724983432737,1.0,0.0012376237623762376,0.002472187886279357
SKAB,LSTM,0.2,0.6443560857079744,1.0,0.0037128712871287127,0.007398273736128237
SKAB,GRU,0.0,0.6394963552021206,0.2894736842105263,0.006806930693069307,0.013301088270858524
SKAB,GRU,0.05,0.6383918709962447,0.24390243902439024,0.006188118811881188,0.012070006035003017
SKAB,GRU,0.1,0.6370664899491937,0.2545454545454545,0.008663366336633664,0.016756433273488927
SKAB,GRU,0.2,0.6313231720786393,0.26956521739130435,0.019183168316831683,0.03581744656268053
SKAB,CNN,0.0,0.642588910978573,0.3333333333333333,0.0012376237623762376,0.002466091245376079
SKAB,CNN,0.05,0.6434724983432737,0.6666666666666666,0.0024752475247524753,0.004932182490752158
SKAB,CNN,0.1,0.6441351888667992,0.7777777777777778,0.004331683168316832,0.008615384615384615
SKAB,CNN,0.2,0.6450187762314998,1.0,0.005569306930693069,0.011076923076923076
BATADAL,LSTM,0.0,0.8660170523751523,0.0,0.0,0.0
BATADAL,LSTM,0.05,0.8660170523751523,0.0,0.0,0.0
BATADAL,LSTM,0.1,0.8660170523751523,0.0,0.0,0.0
BATADAL,LSTM,0.2,0.8660170523751523,0.0,0.0,0.0
BATADAL,GRU,0.0,0.8708891595615104,0.6666666666666666,0.07272727272727272,0.13114754098360656
BATADAL,GRU,0.05,0.8708891595615104,0.6666666666666666,0.07272727272727272,0.13114754098360656
BATADAL,GRU,0.1,0.8684531059683313,0.5714285714285714,0.07272727272727272,0.12903225806451613
BATADAL,GRU,0.2,0.8647990255785627,0.4666666666666667,0.06363636363636363,0.112
BATADAL,CNN,0.0,0.8660170523751523,0.0,0.0,0.0
BATADAL,CNN,0.05,0.8660170523751523,0.0,0.0,0.0
BATADAL,CNN,0.1,0.8660170523751523,0.0,0.0,0.0
BATADAL,CNN,0.2,0.8660170523751523,0.0,0.0,0.0
SKAB,AUTOMATA,0.0,0.6205357142857143,0.2631578947368421,0.03768844221105527,0.06593406593406594
SKAB,AUTOMATA,0.05,0.6196428571428572,0.25862068965517243,0.03768844221105527,0.06578947368421052
SKAB,AUTOMATA,0.1,0.6196428571428572,0.25862068965517243,0.03768844221105527,0.06578947368421052
SKAB,AUTOMATA,0.2,0.6133928571428572,0.2033898305084746,0.03015075376884422,0.0525164113785558
SKAB,AUTOMATA,0.0,0.6290035587188612,0.2702702702702703,0.025,0.04576659038901602
SKAB,AUTOMATA,0.05,0.6281138790035588,0.275,0.0275,0.05
SKAB,AUTOMATA,0.1,0.6290035587188612,0.3111111111111111,0.035,0.06292134831460675
SKAB,AUTOMATA,0.2,0.6290035587188612,0.3191489361702128,0.0375,0.06711409395973154
SKAB,AUTOMATA,0.0,0.6245551601423488,0.35714285714285715,0.024154589371980676,0.04524886877828054
SKAB,AUTOMATA,0.05,0.6263345195729537,0.38461538461538464,0.024154589371980676,0.045454545454545456
SKAB,AUTOMATA,0.1,0.6245551601423488,0.3181818181818182,0.016908212560386472,0.03211009174311927
SKAB,AUTOMATA,0.2,0.6254448398576512,0.36,0.021739130434782608,0.04100227790432802
SKAB,AUTOMATA,0.0,0.6005434782608695,0.2903225806451613,0.043373493975903614,0.07547169811320754
SKAB,AUTOMATA,0.05,0.6041666666666666,0.328125,0.05060240963855422,0.08768267223382047
SKAB,AUTOMATA,0.1,0.6023550724637681,0.3125,0.04819277108433735,0.08350730688935282
SKAB,AUTOMATA,0.2,0.5978260869565217,0.2898550724637681,0.04819277108433735,0.08264462809917356
SKAB,AUTOMATA,0.0,0.5957634598411298,0.359375,0.1707920792079208,0.23154362416107382
SKAB,AUTOMATA,0.05,0.5992939099735216,0.3684210526315789,0.17326732673267325,0.2356902356902357
SKAB,AUTOMATA,0.1,0.5984112974404237,0.36363636363636365,0.16831683168316833,0.23011844331641285
SKAB,AUTOMATA,0.2,0.5992939099735216,0.3641304347826087,0.16584158415841585,0.22789115646258504
BATADAL,AUTOMATA,0.0,0.7281553398058253,0.22,0.39285714285714285,0.28205128205128205
BATADAL,AUTOMATA,0.05,0.7427184466019418,0.23404255319148937,0.39285714285714285,0.29333333333333333
BATADAL,AUTOMATA,0.1,0.7330097087378641,0.2127659574468085,0.35714285714285715,0.26666666666666666
BATADAL,AUTOMATA,0.2,0.7281553398058253,0.20833333333333334,0.35714285714285715,0.2631578947368421
SKAB,LSTM,0.0,0.7160383671648449,0.6833144154370034,0.37719298245614036,0.48607186112232537
SKAB,LSTM,0.05,0.7142538478697301,0.6783691959229898,0.37531328320802004,0.48325937878176684
SKAB,LSTM,0.1,0.7140307829578407,0.6768018018018018,0.37656641604010027,0.48389694041867953
SKAB,LSTM,0.2,0.7064465759536025,0.6545253863134658,0.37155388471177947,0.47402078337330134
SKAB,GRU,0.0,0.6393040374749052,0.49262122276879833,0.4392230576441103,0.4643921828420007
SKAB,GRU,0.05,0.6390809725630159,0.49229691876750703,0.44047619047619047,0.46494708994708994
SKAB,GRU,0.1,0.6381887129154584,0.4909090909090909,0.4398496240601504,0.4639788499669531
SKAB,GRU,0.2,0.6359580637965648,0.48753462603878117,0.44110275689223055,0.4631578947368421
SKAB,CNN,0.0,0.6932857461521302,0.6161934805467929,0.36716791979949875,0.4601491951315273
SKAB,CNN,0.05,0.6950702654472452,0.6188992731048806,0.37343358395989973,0.46580695584212584
SKAB,CNN,0.1,0.6948472005353558,0.6163265306122448,0.37844611528822053,0.468944099378882
SKAB,CNN,0.2,0.6814633058219942,0.577922077922078,0.39035087719298245,0.46596858638743455
SKAB,LSTM,0.0,0.7084170573788792,0.7436762225969646,0.2764890282131661,0.4031078610603291
SKAB,LSTM,0.05,0.709979906229069,0.7491582491582491,0.27899686520376177,0.40657834627683875
SKAB,LSTM,0.1,0.7113194909578031,0.757679180887372,0.27836990595611283,0.40715268225584594
SKAB,LSTM,0.2,0.7133288680509042,0.7791741472172352,0.2721003134796238,0.4033457249070632
SKAB,GRU,0.0,0.7218129046662202,0.6919691969196919,0.3943573667711599,0.5023961661341853
SKAB,GRU,0.05,0.7224826970305872,0.6908893709327549,0.3993730407523511,0.5061581247516885
SKAB,GRU,0.1,0.7229292252734986,0.6911447084233261,0.4012539184952978,0.5077350257834192
SKAB,GRU,0.2,0.725385130609511,0.6943556975505857,0.4087774294670846,0.5146014206787688
SKAB,CNN,0.0,0.7010493413708417,0.6282565130260521,0.3931034482758621,0.4836097184728114
SKAB,CNN,0.05,0.6992632283991963,0.6237524950099801,0.39184952978056425,0.48132460531382365
SKAB,CNN,0.1,0.6968073230631837,0.6179104477611941,0.38934169278996866,0.4776923076923077
SKAB,CNN,0.2,0.6916722482697031,0.6024904214559387,0.3943573667711599,0.4766957180750284
SKAB,LSTM,0.0,0.621326803205699,0.4280821917808219,0.0753465943339361,0.12813941568426448
SKAB,LSTM,0.05,0.6215494211932324,0.4290657439446367,0.07474382157926461,0.1273100616016427
SKAB,LSTM,0.1,0.621326803205699,0.4270833333333333,0.07414104882459313,0.1263482280431433
SKAB,LSTM,0.2,0.6199910952804987,0.4154929577464789,0.07112718505123568,0.12146165723108594
SKAB,GRU,0.0,0.6253339269813001,0.47674418604651164,0.14828209764918626,0.22620689655172413
SKAB,GRU,0.05,0.6251113089937667,0.4756335282651072,0.14707655213984328,0.22467771639042358
SKAB,GRU,0.1,0.6246660730186999,0.47398843930635837,0.14828209764918626,0.22589531680440772
SKAB,GRU,0.2,0.6291184327693677,0.49343339587242024,0.15852923447860157,0.23996350364963503
SKAB,CNN,0.0,0.6206589492430988,0.44389027431421446,0.10729355033152502,0.17281553398058253
SKAB,CNN,0.05,0.6211041852181657,0.4463840399002494,0.10789632308619651,0.17378640776699028
SKAB,CNN,0.1,0.6211041852181657,0.44611528822055135,0.10729355033152502,0.1729834791059281
SKAB,CNN,0.2,0.6204363312555654,0.44191919191919193,0.10548523206751055,0.170316301703163
SKAB,LSTM,0.0,0.6595119746949842,0.6507633587786259,0.2048048048048048,0.31155778894472363
SKAB,LSTM,0.05,0.6588341617713511,0.6481835564053537,0.2036036036036036,0.30987202925045704
SKAB,LSTM,0.1,0.658382286488929,0.6468330134357005,0.2024024024024024,0.3083257090576395
SKAB,LSTM,0.2,0.657252598282874,0.6428571428571429,0.2,0.3050847457627119
SKAB,GRU,0.0,0.6674197921373701,0.6491499227202473,0.25225225225225223,0.3633217993079585
SKAB,GRU,0.05,0.6674197921373701,0.6482334869431644,0.25345345345345344,0.3644214162348877
SKAB,GRU,0.1,0.666741979213737,0.6452599388379205,0.25345345345345344,0.3639499784389823
SKAB,GRU,0.2,0.666516041572526,0.6438356164383562,0.25405405405405407,0.3643410852713178
SKAB,CNN,0.0,0.6906913691821057,0.7681159420289855,0.25465465465465464,0.38249887235002256
SKAB,CNN,0.05,0.6900135562584727,0.7556719022687609,0.26006006006006005,0.386952636282395
SKAB,CNN,0.1,0.6891098056936286,0.7453310696095077,0.26366366366366367,0.3895297249334516
SKAB,CNN,0.2,0.6861726163578852,0.7065868263473054,0.28348348348348346,0.4046292327475354
SKAB,LSTM,0.0,0.6433473544387868,0.0,0.0,0.0
SKAB,LSTM,0.05,0.6433473544387868,0.0,0.0,0.0
SKAB,LSTM,0.1,0.6433473544387868,0.0,0.0,0.0
SKAB,LSTM,0.2,0.6433473544387868,0.0,0.0,0.0
SKAB,GRU,0.0,0.6433473544387868,0.0,0.0,0.0
SKAB,GRU,0.05,0.6433473544387868,0.0,0.0,0.0
SKAB,GRU,0.1,0.6433473544387868,0.0,0.0,0.0
SKAB,GRU,0.2,0.6440115120655302,1.0,0.00186219739292365,0.0037174721189591076
SKAB,CNN,0.0,0.6433473544387868,0.0,0.0,0.0
SKAB,CNN,0.05,0.6433473544387868,0.0,0.0,0.0
SKAB,CNN,0.1,0.643568740314368,1.0,0.0006207324643078833,0.0012406947890818859
SKAB,CNN,0.2,0.6446756696922736,1.0,0.0037243947858473,0.0074211502782931356
BATADAL,LSTM,0.0,0.8660170523751523,0.0,0.0,0.0
BATADAL,LSTM,0.05,0.8660170523751523,0.0,0.0,0.0
BATADAL,LSTM,0.1,0.8660170523751523,0.0,0.0,0.0
BATADAL,LSTM,0.2,0.8660170523751523,0.0,0.0,0.0
BATADAL,GRU,0.0,0.8660170523751523,0.0,0.0,0.0
BATADAL,GRU,0.05,0.8660170523751523,0.0,0.0,0.0
BATADAL,GRU,0.1,0.8660170523751523,0.0,0.0,0.0
BATADAL,GRU,0.2,0.8660170523751523,0.0,0.0,0.0
BATADAL,CNN,0.0,0.8660170523751523,0.0,0.0,0.0
BATADAL,CNN,0.05,0.8660170523751523,0.0,0.0,0.0
BATADAL,CNN,0.1,0.8660170523751523,0.0,0.0,0.0
BATADAL,CNN,0.2,0.8660170523751523,0.0,0.0,0.0
SKAB,AUTOMATA,0.0,0.6122994652406417,0.14,0.017543859649122806,0.031180400890868598
SKAB,AUTOMATA,0.05,0.6122994652406417,0.14,0.017543859649122806,0.031180400890868598
SKAB,AUTOMATA,0.1,0.6105169340463458,0.10416666666666667,0.012531328320802004,0.02237136465324385
SKAB,AUTOMATA,0.2,0.6114081996434938,0.16363636363636364,0.022556390977443608,0.039647577092511016
SKAB,AUTOMATA,0.0,0.6297948260481713,0.2571428571428571,0.022613065326633167,0.04157043879907621
SKAB,AUTOMATA,0.05,0.6297948260481713,0.2571428571428571,0.022613065326633167,0.04157043879907621
SKAB,AUTOMATA,0.1,0.6289027653880463,0.21875,0.017587939698492462,0.03255813953488372
SKAB,AUTOMATA,0.2,0.6297948260481713,0.2571428571428571,0.022613065326633167,0.04157043879907621
SKAB,AUTOMATA,0.0,0.6174377224199288,0.3181818181818182,0.033816425120772944,0.0611353711790393
SKAB,AUTOMATA,0.05,0.6209964412811388,0.35714285714285715,0.036231884057971016,0.06578947368421052
SKAB,AUTOMATA,0.1,0.6209964412811388,0.35714285714285715,0.036231884057971016,0.06578947368421052
SKAB,AUTOMATA,0.2,0.6209964412811388,0.35,0.033816425120772944,0.06167400881057269
SKAB,AUTOMATA,0.0,0.6110108303249098,0.37735849056603776,0.04784688995215311,0.08492569002123142
SKAB,AUTOMATA,0.05,0.6101083032490975,0.375,0.050239234449760764,0.08860759493670886
SKAB,AUTOMATA,0.1,0.6128158844765343,0.4067796610169492,0.05741626794258373,0.10062893081761007
SKAB,AUTOMATA,0.2,0.6010830324909747,0.3064516129032258,0.045454545454545456,0.07916666666666666
SKAB,AUTOMATA,0.0,0.6221238938053097,0.34177215189873417,0.06716417910447761,0.11226611226611227
SKAB,AUTOMATA,0.05,0.6256637168141593,0.36363636363636365,0.06965174129353234,0.11691022964509394
SKAB,AUTOMATA,0.1,0.6274336283185841,0.379746835443038,0.07462686567164178,0.12474012474012475
SKAB,AUTOMATA,0.2,0.6336283185840708,0.42857142857142855,0.08955223880597014,0.14814814814814814
BATADAL,AUTOMATA,0.0,0.7281553398058253,0.22,0.39285714285714285,0.28205128205128205
BATADAL,AUTOMATA,0.05,0.7184466019417476,0.21153846153846154,0.39285714285714285,0.275
BATADAL,AUTOMATA,0.1,0.7184466019417476,0.2,0.35714285714285715,0.2564102564102564
BATADAL,AUTOMATA,0.2,0.7281553398058253,0.20833333333333334,0.35714285714285715,0.2631578947368421
SKAB,LSTM,0.0,0.6468617377708287,0.5036057692307693,0.5260514752040176,0.5145839729812711
SKAB,LSTM,0.05,0.6452981907527362,0.5014925373134328,0.527306967984934,0.5140758873929009
SKAB,LSTM,0.1,0.6452981907527362,0.5014889815366289,0.5285624607658506,0.5146699266503667
SKAB,LSTM,0.2,0.6479785570694662,0.5050989802039592,0.5285624607658506,0.5165644171779141
SKAB,GRU,0.0,0.6495421040875586,0.50734394124847,0.5204017576898933,0.513789897737837
SKAB,GRU,0.05,0.6511056511056511,0.5094917330067361,0.5222849968612681,0.5158090514569126
SKAB,GRU,0.1,0.652445834264016,0.5113566605279313,0.5229127432517263,0.5170701427684667
SKAB,GRU,0.2,0.654232745141836,0.5139664804469274,0.519774011299435,0.5168539325842697
SKAB,CNN,0.0,0.7210185392003574,0.6657032755298651,0.4337727558066541,0.5252755606233371
SKAB,CNN,0.05,0.7216886307795398,0.6679574056147144,0.4331450094161959,0.5255140898705255
SKAB,CNN,0.1,0.7214652669198124,0.6666666666666666,0.43440050219711235,0.5260357278601292
SKAB,CNN,0.2,0.7165512620058074,0.6511194029850746,0.4381669805398619,0.523827392120075
SKAB,LSTM,0.0,0.6721018539200357,0.6193181818181818,0.2051442910915935,0.3081998114985862
SKAB,LSTM,0.05,0.6709850346213982,0.6161228406909789,0.2013801756587202,0.30354609929078014
SKAB,LSTM,0.1,0.6736654009381282,0.627151051625239,0.205771643663739,0.30987246102975907
SKAB,LSTM,0.2,0.6747822202367657,0.628731343283582,0.21141781681304894,0.3164319248826291
SKAB,GRU,0.0,0.6729953093589457,0.6076158940397351,0.2302383939774153,0.33393994540491356
SKAB,GRU,0.05,0.6712083984811258,0.6023489932885906,0.22521957340025095,0.3278538812785388
SKAB,GRU,0.1,0.6732186732186732,0.6115843270868825,0.22521957340025095,0.3292067858780376
SKAB,GRU,0.2,0.6718784900603082,0.6061120543293718,0.22396486825595985,0.32707283554741184
SKAB,CNN,0.0,0.6729953093589457,0.589041095890411,0.2697616060225847,0.37005163511187605
SKAB,CNN,0.05,0.6736654009381282,0.5907230559345157,0.2716436637390213,0.37215298667812635
SKAB,CNN,0.1,0.6741121286575832,0.5915875169606513,0.27352572145545795,0.3740883740883741
SKAB,CNN,0.2,0.6774625865534957,0.6005361930294906,0.2810539523212045,0.38290598290598293
SKAB,LSTM,0.0,0.6271148708815673,0.4735099337748344,0.0861965039180229,0.14584395716471188
SKAB,LSTM,0.05,0.6271148708815673,0.47368421052631576,0.0867992766726944,0.1467142129393785
SKAB,LSTM,0.1,0.6266696349065004,0.47058823529411764,0.0867992766726944,0.1465648854961832
SKAB,LSTM,0.2,0.6237756010685663,0.45016077170418006,0.08438818565400844,0.14213197969543148
SKAB,GRU,0.0,0.6295636687444346,0.49097472924187724,0.08197709463532249,0.14049586776859505
SKAB,GRU,0.05,0.6280053428317008,0.4785714285714286,0.0807715491259795,0.13821557503867973
SKAB,GRU,0.1,0.6260017809439002,0.4634146341463415,0.08016877637130802,0.1366906474820144
SKAB,GRU,0.2,0.6251113089937667,0.45791245791245794,0.08197709463532249,0.1390593047034765
SKAB,CNN,0.0,0.6366874443455031,0.5228426395939086,0.18625678119349007,0.27466666666666667
SKAB,CNN,0.05,0.6366874443455031,0.5225375626043406,0.188667872212176,0.27723649247121346
SKAB,CNN,0.1,0.6346838824577026,0.5152027027027027,0.1838456901748041,0.270990670812972
SKAB,CNN,0.2,0.6326803205699021,0.507563025210084,0.18203737191078964,0.26796805678793256
SKAB,LSTM,0.0,0.6588447653429603,0.6494252873563219,0.20323741007194246,0.3095890410958904
SKAB,LSTM,0.05,0.6581678700361011,0.6451612903225806,0.2038369304556355,0.3097949886104784
SKAB,LSTM,0.1,0.657942238267148,0.6428571428571429,0.20503597122302158,0.3109090909090909
SKAB,LSTM,0.2,0.657942238267148,0.6428571428571429,0.20503597122302158,0.3109090909090909
SKAB,GRU,0.0,0.6441787003610109,0.5701078582434514,0.22182254196642687,0.3193785066896849
SKAB,GRU,0.05,0.6435018050541517,0.5676923076923077,0.22122302158273383,0.3183779119930975
SKAB,GRU,0.1,0.6425992779783394,0.5644171779141104,0.22062350119904076,0.31724137931034485
SKAB,GRU,0.2,0.6432761732851986,0.566412213740458,0.2224220623501199,0.3194145501506672
SKAB,CNN,0.0,0.6525270758122743,0.6134751773049646,0.20743405275779375,0.3100358422939068
SKAB,CNN,0.05,0.6532039711191335,0.6159292035398231,0.20863309352517986,0.3116883116883117
SKAB,CNN,0.1,0.6532039711191335,0.6155202821869489,0.2092326139088729,0.3123042505592841
SKAB,CNN,0.2,0.6513989169675091,0.6069565217391304,0.2092326139088729,0.31119037004012484
SKAB,LSTM,0.0,0.6970568709891569,0.8761609907120743,0.17555831265508684,0.2925064599483204
SKAB,LSTM,0.05,0.6968355830936048,0.8711656441717791,0.1761786600496278,0.2930856553147575
SKAB,LSTM,0.1,0.6963930073025005,0.8636363636363636,0.17679900744416874,0.29351184346035014
SKAB,LSTM,0.2,0.6950652799291879,0.8502994011976048,0.1761786600496278,0.2918807810894142
SKAB,GRU,0.0,0.6784686877627794,1.0,0.09863523573200993,0.1795595708639187
SKAB,GRU,0.05,0.6780261119716752,1.0,0.09739454094292804,0.17750141322781232
SKAB,GRU,0.1,0.6773622482850188,1.0,0.09553349875930521,0.17440543601359004
SKAB,GRU,0.2,0.6771409603894667,1.0,0.09491315136476426,0.173371104815864
SKAB,CNN,0.0,0.6764770967028103,1.0,0.09305210918114144,0.170261066969353
SKAB,CNN,0.05,0.6764770967028103,1.0,0.09305210918114144,0.170261066969353
SKAB,CNN,0.1,0.6769196724939146,1.0,0.09429280397022333,0.17233560090702948
SKAB,CNN,0.2,0.6775835361805709,1.0,0.09615384615384616,0.17543859649122806
BATADAL,LSTM,0.0,0.8660170523751523,0.0,0.0,0.0
BATADAL,LSTM,0.05,0.8660170523751523,0.0,0.0,0.0
BATADAL,LSTM,0.1,0.8660170523751523,0.0,0.0,0.0
BATADAL,LSTM,0.2,0.8660170523751523,0.0,0.0,0.0
BATADAL,GRU,0.0,0.8660170523751523,0.0,0.0,0.0
BATADAL,GRU,0.05,0.8660170523751523,0.0,0.0,0.0
BATADAL,GRU,0.1,0.8660170523751523,0.0,0.0,0.0
BATADAL,GRU,0.2,0.8660170523751523,0.0,0.0,0.0
BATADAL,CNN,0.0,0.8660170523751523,0.0,0.0,0.0
BATADAL,CNN,0.05,0.8660170523751523,0.0,0.0,0.0
BATADAL,CNN,0.1,0.8660170523751523,0.0,0.0,0.0
BATADAL,CNN,0.2,0.8660170523751523,0.0,0.0,0.0
SKAB,AUTOMATA,0.0,0.6169642857142857,0.23728813559322035,0.035175879396984924,0.061269146608315096
SKAB,AUTOMATA,0.05,0.61875,0.2698412698412698,0.04271356783919598,0.0737527114967462
SKAB,AUTOMATA,0.1,0.6160714285714286,0.24193548387096775,0.03768844221105527,0.06521739130434782
SKAB,AUTOMATA,0.2,0.6151785714285715,0.24615384615384617,0.04020100502512563,0.06911447084233262
SKAB,AUTOMATA,0.0,0.6419642857142858,0.4482758620689655,0.032663316582914576,0.06088992974238876
SKAB,AUTOMATA,0.05,0.6401785714285714,0.41935483870967744,0.032663316582914576,0.06060606060606061
SKAB,AUTOMATA,0.1,0.6419642857142858,0.45454545454545453,0.03768844221105527,0.06960556844547564
SKAB,AUTOMATA,0.2,0.6401785714285714,0.4358974358974359,0.04271356783919598,0.07780320366132723
SKAB,AUTOMATA,0.0,0.6209964412811388,0.38461538461538464,0.04830917874396135,0.08583690987124463
SKAB,AUTOMATA,0.05,0.6209964412811388,0.3695652173913043,0.04106280193236715,0.07391304347826087
SKAB,AUTOMATA,0.1,0.6227758007117438,0.38636363636363635,0.04106280193236715,0.07423580786026202
SKAB,AUTOMATA,0.2,0.6218861209964412,0.3829787234042553,0.043478260869565216,0.07809110629067245
SKAB,AUTOMATA,0.0,0.6032461677186655,0.2708333333333333,0.03110047846889952,0.055793991416309016
SKAB,AUTOMATA,0.05,0.6041478809738503,0.2857142857142857,0.03349282296650718,0.059957173447537475
SKAB,AUTOMATA,0.1,0.6095581605049594,0.3469387755102041,0.04066985645933014,0.0728051391862955
SKAB,AUTOMATA,0.2,0.6023444544634806,0.27450980392156865,0.03349282296650718,0.05970149253731343
SKAB,AUTOMATA,0.0,0.636604774535809,0.4444444444444444,0.0794044665012407,0.13473684210526315
SKAB,AUTOMATA,0.05,0.6357206012378426,0.43661971830985913,0.07692307692307693,0.1308016877637131
SKAB,AUTOMATA,0.1,0.6339522546419099,0.42857142857142855,0.08188585607940446,0.1375
SKAB,AUTOMATA,0.2,0.6312997347480106,0.40540540540540543,0.07444168734491315,0.12578616352201258
BATADAL,AUTOMATA,0.0,0.7281553398058253,0.22,0.39285714285714285,0.28205128205128205
BATADAL,AUTOMATA,0.05,0.7281553398058253,0.22,0.39285714285714285,0.28205128205128205
BATADAL,AUTOMATA,0.1,0.7281553398058253,0.20833333333333334,0.35714285714285715,0.2631578947368421
BATADAL,AUTOMATA,0.2,0.7427184466019418,0.2222222222222222,0.35714285714285715,0.273972602739726
SKAB,LSTM,0.0,0.6439884006245817,0.0,0.0,0.0
SKAB,LSTM,0.05,0.6439884006245817,0.0,0.0,0.0
SKAB,LSTM,0.1,0.6439884006245817,0.0,0.0,0.0
SKAB,LSTM,0.2,0.6439884006245817,0.0,0.0,0.0
SKAB,GRU,0.0,0.6439884006245817,0.0,0.0,0.0
SKAB,GRU,0.05,0.6439884006245817,0.0,0.0,0.0
SKAB,GRU,0.1,0.6439884006245817,0.0,0.0,0.0
SKAB,GRU,0.2,0.6439884006245817,0.0,0.0,0.0
SKAB,CNN,0.0,0.6439884006245817,0.0,0.0,0.0
SKAB,CNN,0.05,0.6439884006245817,0.0,0.0,0.0
SKAB,CNN,0.1,0.6439884006245817,0.0,0.0,0.0
SKAB,CNN,0.2,0.6439884006245817,0.0,0.0,0.0
SKAB,LSTM,0.0,0.7082683307332294,0.8098290598290598,0.23702313946216386,0.366715045960329
SKAB,LSTM,0.05,0.7073768665032315,0.8029661016949152,0.23702313946216386,0.3660067600193143
SKAB,LSTM,0.1,0.7078225986182305,0.8025210084033614,0.23889931207004378,0.36819277108433734
SKAB,LSTM,0.2,0.7093826610207266,0.8053830227743272,0.24327704815509693,0.37367915465898177
SKAB,GRU,0.0,0.6948963672832628,1.0,0.1438398999374609,0.25150355385456535
SKAB,GRU,0.05,0.6944506351682639,1.0,0.1425891181988743,0.24958949096880131
SKAB,GRU,0.1,0.6946735012257633,1.0,0.1432145090681676,0.25054704595185995
SKAB,GRU,0.2,0.6942277691107644,1.0,0.14196372732958099,0.24863088718510407
SKAB,CNN,0.0,0.688433251615779,1.0,0.12570356472795496,0.22333333333333333
SKAB,CNN,0.05,0.6879875195007801,1.0,0.12445278298936835,0.22135706340378197
SKAB,CNN,0.1,0.6866503231557833,1.0,0.1207004377736085,0.21540178571428573
SKAB,CNN,0.2,0.6855359928682861,1.0,0.11757348342714197,0.21040850587576945
SKAB,LSTM,0.0,0.622439893143366,0.43508771929824563,0.07474382157926461,0.12757201646090535
SKAB,LSTM,0.05,0.6237756010685663,0.4456140350877193,0.07655213984327909,0.13065843621399176
SKAB,LSTM,0.1,0.6235529830810329,0.4452054794520548,0.07836045810729356,0.13326499231163505
SKAB,LSTM,0.2,0.6239982190560998,0.44932432432432434,0.08016877637130802,0.1360613810741688
SKAB,GRU,0.0,0.6228851291184327,0.445141065830721,0.08559373116335142,0.1435793731041456
SKAB,GRU,0.05,0.6233303650934996,0.4492307692307692,0.08800482218203737,0.14717741935483872
SKAB,GRU,0.1,0.6226625111308994,0.4467455621301775,0.09101868595539482,0.1512268402603906
SKAB,GRU,0.2,0.6239982190560998,0.4592391304347826,0.10186859553948162,0.1667488899851998
SKAB,CNN,0.0,0.6193232413178985,0.43914081145584727,0.11091018685955395,0.17709335899903753
SKAB,CNN,0.05,0.6188780053428317,0.4376470588235294,0.11211573236889692,0.1785028790786948
SKAB,CNN,0.1,0.6195458593054319,0.4423963133640553,0.11573236889692586,0.18346870520783565
SKAB,CNN,0.2,0.6184327693677649,0.43875278396436523,0.11874623267028331,0.1869070208728653
SKAB,LSTM,0.0,0.6850928862709561,0.6187113857016769,0.42254370102471367,0.5021489971346705
SKAB,LSTM,0.05,0.6850928862709561,0.6182937554969217,0.42374924653405666,0.5028612303290415
SKAB,LSTM,0.1,0.6864521975532397,0.6209322779243623,0.4255575647980711,0.5050071530758226
SKAB,LSTM,0.2,0.6884911644766651,0.6239092495636999,0.4309825195901145,0.5098039215686274
SKAB,GRU,0.0,0.6934753058450385,0.6795774647887324,0.34900542495479203,0.46117084826762245
SKAB,GRU,0.05,0.6921159945627549,0.6724137931034483,0.352622061482821,0.4626334519572954
SKAB,GRU,0.1,0.6912097870412325,0.6678004535147393,0.3550331525015069,0.4635970090515545
SKAB,GRU,0.2,0.6937018577254191,0.6722783389450057,0.36106088004822184,0.46980392156862744
SKAB,CNN,0.0,0.6898504757589488,0.6429980276134122,0.39300783604581074,0.4878413767302656
SKAB,CNN,0.05,0.6893973719981876,0.6417322834645669,0.39300783604581074,0.4874766355140187
SKAB,CNN,0.1,0.689170820117807,0.6397273612463485,0.3960216998191682,0.4892032762472077
SKAB,CNN,0.2,0.6878115088355233,0.6370731707317073,0.3936106088004822,0.48658718330849476
SKAB,LSTM,0.0,0.6438840964388409,1.0,0.0018598884066955983,0.0037128712871287127
SKAB,LSTM,0.05,0.6447688564476886,1.0,0.0043397396156230625,0.008641975308641974
SKAB,LSTM,0.1,0.6454324264543243,1.0,0.006199628022318661,0.012322858903265557
SKAB,LSTM,0.2,0.6463171864631718,0.8888888888888888,0.009919404835709857,0.019619865113427344
SKAB,GRU,0.0,0.6432205264322053,0.0,0.0,0.0
SKAB,GRU,0.05,0.6432205264322053,0.0,0.0,0.0
SKAB,GRU,0.1,0.6432205264322053,0.0,0.0,0.0
SKAB,GRU,0.2,0.6432205264322053,0.0,0.0,0.0
SKAB,CNN,0.0,0.648307896483079,0.896551724137931,0.016119032858028518,0.031668696711327646
SKAB,CNN,0.05,0.648307896483079,0.8709677419354839,0.016738995660260384,0.032846715328467155
SKAB,CNN,0.1,0.6476443264764432,0.7941176470588235,0.016738995660260384,0.03278688524590164
SKAB,CNN,0.2,0.6467595664675957,0.7,0.01735895846249225,0.0338777979431337
BATADAL,LSTM,0.0,0.8660170523751523,0.0,0.0,0.0
BATADAL,LSTM,0.05,0.8660170523751523,0.0,0.0,0.0
BATADAL,LSTM,0.1,0.8660170523751523,0.0,0.0,0.0
BATADAL,LSTM,0.2,0.8660170523751523,0.0,0.0,0.0
BATADAL,GRU,0.0,0.8660170523751523,0.0,0.0,0.0
BATADAL,GRU,0.05,0.8660170523751523,0.0,0.0,0.0
BATADAL,GRU,0.1,0.8660170523751523,0.0,0.0,0.0
BATADAL,GRU,0.2,0.8660170523751523,0.0,0.0,0.0
BATADAL,CNN,0.0,0.8660170523751523,0.0,0.0,0.0
BATADAL,CNN,0.05,0.8660170523751523,0.0,0.0,0.0
BATADAL,CNN,0.1,0.8660170523751523,0.0,0.0,0.0
BATADAL,CNN,0.2,0.8660170523751523,0.0,0.0,0.0
SKAB,AUTOMATA,0.0,0.6256684491978609,0.2,0.017543859649122806,0.03225806451612903
SKAB,AUTOMATA,0.05,0.6229946524064172,0.18421052631578946,0.017543859649122806,0.032036613272311214
SKAB,AUTOMATA,0.1,0.6256684491978609,0.21621621621621623,0.020050125313283207,0.03669724770642202
SKAB,AUTOMATA,0.2,0.6221033868092691,0.1951219512195122,0.020050125313283207,0.03636363636363636
SKAB,AUTOMATA,0.0,0.6366874443455031,0.25,0.01,0.019230769230769232
SKAB,AUTOMATA,0.05,0.634906500445236,0.2222222222222222,0.01,0.019138755980861243
SKAB,AUTOMATA,0.1,0.6375779162956366,0.3157894736842105,0.015,0.028639618138424822
SKAB,AUTOMATA,0.2,0.6357969723953696,0.2631578947368421,0.0125,0.02386634844868735
SKAB,AUTOMATA,0.0,0.6192170818505338,0.325,0.03140096618357488,0.05726872246696035
SKAB,AUTOMATA,0.05,0.6183274021352313,0.32558139534883723,0.033816425120772944,0.061269146608315096
SKAB,AUTOMATA,0.1,0.6209964412811388,0.36363636363636365,0.03864734299516908,0.06986899563318777
SKAB,AUTOMATA,0.2,0.6201067615658363,0.35555555555555557,0.03864734299516908,0.06971677559912855
SKAB,AUTOMATA,0.0,0.609049773755656,0.2702702702702703,0.024096385542168676,0.04424778761061947
SKAB,AUTOMATA,0.05,0.6081447963800904,0.2631578947368421,0.024096385542168676,0.04415011037527594
SKAB,AUTOMATA,0.1,0.6099547511312218,0.2894736842105263,0.02650602409638554,0.04856512141280353
SKAB,AUTOMATA,0.2,0.6072398190045248,0.2682926829268293,0.02650602409638554,0.04824561403508772
SKAB,AUTOMATA,0.0,0.6330680813439434,0.4423076923076923,0.1141439205955335,0.1814595660749507
SKAB,AUTOMATA,0.05,0.6383731211317418,0.47,0.11662531017369727,0.18687872763419483
SKAB,AUTOMATA,0.1,0.6383731211317418,0.47,0.11662531017369727,0.18687872763419483
SKAB,AUTOMATA,0.2,0.6383731211317418,0.47413793103448276,0.13647642679900746,0.2119460500963391
BATADAL,AUTOMATA,0.0,0.7281553398058253,0.22,0.39285714285714285,0.28205128205128205
BATADAL,AUTOMATA,0.05,0.7281553398058253,0.22,0.39285714285714285,0.28205128205128205
BATADAL,AUTOMATA,0.1,0.7281553398058253,0.22,0.39285714285714285,0.28205128205128205
BATADAL,AUTOMATA,0.2,0.7135922330097088,0.20754716981132076,0.39285714285714285,0.2716049382716049
SKAB,LSTM,0.0,0.7352351236906619,0.7879213483146067,0.35106382978723405,0.4857142857142857
SKAB,LSTM,0.05,0.7356808558056608,0.7917847025495751,0.3498122653316646,0.4852430555555556
SKAB,LSTM,0.1,0.7354579897481613,0.7923186344238976,0.34856070087609514,0.4841373315949587
SKAB,LSTM,0.2,0.7356808558056608,0.7951289398280802,0.34730913642052563,0.4834494773519164
SKAB,GRU,0.0,0.7174058390907064,0.6144244105409153,0.5544430538172715,0.5828947368421052
SKAB,GRU,0.05,0.7120570537107198,0.6055172413793104,0.5494367959949937,0.5761154855643045
SKAB,GRU,0.1,0.7082683307332294,0.5975692099932478,0.5538172715894869,0.5748619681714843
SKAB,GRU,0.2,0.6926677067082684,0.5689112649465072,0.5657071339173968,0.5673046752431754
SKAB,CNN,0.0,0.756407399153109,0.7783902976846747,0.44180225281602004,0.5636726546906188
SKAB,CNN,0.05,0.7528415422331179,0.7683863885839737,0.4380475594493116,0.5579912315663611
SKAB,CNN,0.1,0.7499442834856251,0.7542735042735043,0.44180225281602004,0.5572217837411207
SKAB,CNN,0.2,0.7461555605081346,0.7283582089552239,0.45807259073842305,0.5624279677295428
SKAB,LSTM,0.0,0.6841635023453205,0.5828729281767956,0.3971141781681305,0.47238805970149256
SKAB,LSTM,0.05,0.6812597721688631,0.5765352887259395,0.3946047678795483,0.4685288640595903
SKAB,LSTM,0.1,0.6805896805896806,0.5752293577981651,0.3933500627352572,0.4672131147540984
SKAB,LSTM,0.2,0.6794728612910431,0.5730027548209367,0.39146800501882056,0.4651509504286247
SKAB,GRU,0.0,0.6723252177797633,0.5538592027141646,0.4096612296110414,0.4709700685178507
SKAB,GRU,0.05,0.6707616707616708,0.5509337860780985,0.4071518193224592,0.46825396825396826
SKAB,GRU,0.1,0.6689747598838508,0.5473773265651438,0.40589711417816815,0.4661383285302594
SKAB,GRU,0.2,0.6651775742684833,0.5397489539748954,0.40464240903387705,0.4625313732520617
SKAB,CNN,0.0,0.6613803886531159,0.5314009661835749,0.41405269761606023,0.46544428772919605
SKAB,CNN,0.05,0.661827116372571,0.5322061191626409,0.41468005018820575,0.46614950634696756
SKAB,CNN,0.1,0.660040205494751,0.5288461538461539,0.41405269761606023,0.4644616467276566
SKAB,CNN,0.2,0.656913111458566,0.5233118971061094,0.4084065244667503,0.4587737843551797
SKAB,LSTM,0.0,0.6184327693677649,0.4500907441016334,0.14948764315852922,0.2244343891402715
SKAB,LSTM,0.05,0.6182101513802315,0.4490909090909091,0.14888487040385776,0.22363060208239022
SKAB,LSTM,0.1,0.6177649154051648,0.447463768115942,0.14888487040385776,0.2234283129805518
SKAB,LSTM,0.2,0.6182101513802315,0.4492753623188406,0.14948764315852922,0.22433288104929897
SKAB,GRU,0.0,0.6177649154051648,0.44569288389513106,0.14345991561181434,0.21705426356589147
SKAB,GRU,0.05,0.6175422974176313,0.44485981308411215,0.14345991561181434,0.21695533272561532
SKAB,GRU,0.1,0.6175422974176313,0.4450651769087523,0.14406268836648584,0.21766848816029144
SKAB,GRU,0.2,0.6179875333926982,0.44808743169398907,0.14828209764918626,0.22282608695652173
SKAB,CNN,0.0,0.6206589492430988,0.44755244755244755,0.11573236889692586,0.1839080459770115
SKAB,CNN,0.05,0.6182101513802315,0.4339622641509434,0.11091018685955395,0.17666826692270762
SKAB,CNN,0.1,0.6184327693677649,0.43559718969555034,0.11211573236889692,0.17833173537871524
SKAB,CNN,0.2,0.6157613535173642,0.42369020501138954,0.11211573236889692,0.1773117254528122
SKAB,LSTM,0.0,0.6570004531037608,0.6037195994277539,0.2543701024713683,0.35793044953350295
SKAB,LSTM,0.05,0.6579066606252831,0.6062767475035663,0.2561784207353828,0.3601694915254237
SKAB,LSTM,0.1,0.6588128681468056,0.6094420600858369,0.25678119349005424,0.361323155216285
SKAB,LSTM,0.2,0.659719075668328,0.6126255380200861,0.25738396624472576,0.3624787775891341
SKAB,GRU,0.0,0.6540552786588129,0.6453744493392071,0.17661241711874623,0.277330809275911
SKAB,GRU,0.05,0.6545083824195741,0.6475770925110133,0.17721518987341772,0.2782773308092759
SKAB,GRU,0.1,0.653375623017671,0.643652561247216,0.17420132610006028,0.27419354838709675
SKAB,GRU,0.2,0.6502038966923426,0.6292134831460674,0.16877637130801687,0.2661596958174905
SKAB,CNN,0.0,0.645899410965111,0.6751824817518248,0.11151295961422544,0.19141231246766685
SKAB,CNN,0.05,0.6456728590847304,0.6714801444043321,0.11211573236889692,0.1921487603305785
SKAB,CNN,0.1,0.6461259628454916,0.6750902527075813,0.11271850512356842,0.19318181818181818
SKAB,CNN,0.2,0.6449932034435886,0.6608391608391608,0.11392405063291139,0.19434447300771207
SKAB,LSTM,0.0,0.6430307046609234,0.0,0.0,0.0
SKAB,LSTM,0.05,0.6430307046609234,0.0,0.0,0.0
SKAB,LSTM,0.1,0.6430307046609234,0.0,0.0,0.0
SKAB,LSTM,0.2,0.6430307046609234,0.0,0.0,0.0
SKAB,GRU,0.0,0.6423680141373979,0.43478260869565216,0.006188118811881188,0.012202562538133009
SKAB,GRU,0.05,0.6419262204550475,0.38095238095238093,0.0049504950495049506,0.009773976786805132
SKAB,GRU,0.1,0.6417053236138723,0.35,0.004331683168316832,0.008557457212713936
SKAB,GRU,0.2,0.6419262204550475,0.391304347826087,0.005569306930693069,0.010982306284319707
SKAB,CNN,0.0,0.6430307046609234,0.0,0.0,0.0
SKAB,CNN,0.05,0.6430307046609234,0.0,0.0,0.0
SKAB,CNN,0.1,0.6430307046609234,0.0,0.0,0.0
SKAB,CNN,0.2,0.6419262204550475,0.2222222222222222,0.0012376237623762376,0.0024615384615384616
BATADAL,LSTM,0.0,0.8660170523751523,0.0,0.0,0.0
BATADAL,LSTM,0.05,0.8660170523751523,0.0,0.0,0.0
BATADAL,LSTM,0.1,0.8660170523751523,0.0,0.0,0.0
BATADAL,LSTM,0.2,0.8660170523751523,0.0,0.0,0.0
BATADAL,GRU,0.0,0.8684531059683313,1.0,0.01818181818181818,0.03571428571428571
BATADAL,GRU,0.05,0.8684531059683313,1.0,0.01818181818181818,0.03571428571428571
BATADAL,GRU,0.1,0.8684531059683313,1.0,0.01818181818181818,0.03571428571428571
BATADAL,GRU,0.2,0.8684531059683313,1.0,0.01818181818181818,0.03571428571428571
BATADAL,CNN,0.0,0.8660170523751523,0.0,0.0,0.0
BATADAL,CNN,0.05,0.8660170523751523,0.0,0.0,0.0
BATADAL,CNN,0.1,0.8660170523751523,0.0,0.0,0.0
BATADAL,CNN,0.2,0.8660170523751523,0.0,0.0,0.0
SKAB,AUTOMATA,0.0,0.6144256455921638,0.22033898305084745,0.0325,0.05664488017429194
SKAB,AUTOMATA,0.05,0.616206589492431,0.21818181818181817,0.03,0.05274725274725275
SKAB,AUTOMATA,0.1,0.616206589492431,0.21818181818181817,0.03,0.05274725274725275
SKAB,AUTOMATA,0.2,0.6197684772929652,0.2545454545454545,0.035,0.06153846153846154
SKAB,AUTOMATA,0.0,0.6285714285714286,0.275,0.02763819095477387,0.0502283105022831
SKAB,AUTOMATA,0.05,0.6267857142857143,0.2619047619047619,0.02763819095477387,0.05
SKAB,AUTOMATA,0.1,0.6267857142857143,0.2619047619047619,0.02763819095477387,0.05
SKAB,AUTOMATA,0.2,0.6267857142857143,0.2619047619047619,0.02763819095477387,0.05
SKAB,AUTOMATA,0.0,0.6236654804270463,0.30434782608695654,0.016908212560386472,0.032036613272311214
SKAB,AUTOMATA,0.05,0.6236654804270463,0.30434782608695654,0.016908212560386472,0.032036613272311214
SKAB,AUTOMATA,0.1,0.6254448398576512,0.36,0.021739130434782608,0.04100227790432802
SKAB,AUTOMATA,0.2,0.6245551601423488,0.34615384615384615,0.021739130434782608,0.04090909090909091
SKAB,AUTOMATA,0.0,0.5990950226244344,0.26666666666666666,0.03855421686746988,0.06736842105263158
SKAB,AUTOMATA,0.05,0.5981900452488688,0.2698412698412698,0.04096385542168675,0.07112970711297072
SKAB,AUTOMATA,0.1,0.5981900452488688,0.26229508196721313,0.03855421686746988,0.06722689075630252
SKAB,AUTOMATA,0.2,0.5990950226244344,0.3,0.05060240963855422,0.0865979381443299
SKAB,AUTOMATA,0.0,0.589585172109444,0.3849056603773585,0.2524752475247525,0.30493273542600896
SKAB,AUTOMATA,0.05,0.5869373345101501,0.3805970149253731,0.2524752475247525,0.30357142857142855
SKAB,AUTOMATA,0.1,0.587819947043248,0.3837638376383764,0.25742574257425743,0.30814814814814817
SKAB,AUTOMATA,0.2,0.5772285966460724,0.3786407766990291,0.2896039603960396,0.3281907433380084
BATADAL,AUTOMATA,0.0,0.7281553398058253,0.22,0.39285714285714285,0.28205128205128205
BATADAL,AUTOMATA,0.05,0.7378640776699029,0.21739130434782608,0.35714285714285715,0.2702702702702703
BATADAL,AUTOMATA,0.1,0.7378640776699029,0.21739130434782608,0.35714285714285715,0.2702702702702703
BATADAL,AUTOMATA,0.2,0.7378640776699029,0.21739130434782608,0.35714285714285715,0.2702702702702703
